focal_gene,regulator,source,intogen_role,moa,direction
TP53,TENT5C,TCGA-only,tumor_suppressor,-0.944,repressive
TP53,CHD4,GREmLN-only,oncogene,,
TP53,WWTR1,GREmLN-only,oncogene,,
MYC,ERBB2,TCGA-only,oncogene,-0.993,repressive
MYC,BCL11A,GREmLN-only,oncogene,,
MYC,CHD2,GREmLN-only,tumor_suppressor,,
MYC,EGR2,GREmLN-only,oncogene,,
MYC,SOX17,GREmLN-only,oncogene,,
MYC,STAT3,GREmLN-only,oncogene,,
MYC,TGIF1,GREmLN-only,tumor_suppressor,,
MYC,ZCCHC8,GREmLN-only,oncogene,,
CTNNB1,DDR2,TCGA-only,tumor_suppressor,1.0,activating
CTNNB1,IL6ST,TCGA-only,oncogene,1.0,activating
CTNNB1,CHD2,GREmLN-only,tumor_suppressor,,
CTNNB1,GATA3,GREmLN-only,mixed,,
CTNNB1,WWTR1,GREmLN-only,oncogene,,
CTNNB1,ZEB1,GREmLN-only,oncogene,,
CCND1,MYCN,Both,oncogene,-0.999,repressive
CCND1,BCL2,TCGA-only,oncogene,1.0,activating
CCND1,ESR1,TCGA-only,oncogene,1.0,activating
CCND1,FOXO3,TCGA-only,oncogene,-0.99,repressive
CCND1,PSIP1,GREmLN-only,tumor_suppressor,,
CCND1,ZBTB20,GREmLN-only,tumor_suppressor,,
CCND1,ZNF750,GREmLN-only,tumor_suppressor,,
BRCA2,ATF7IP,TCGA-only,tumor_suppressor,1.0,activating
BRCA2,BARD1,TCGA-only,oncogene,1.0,activating
BRCA2,TOP2A,TCGA-only,oncogene,1.0,activating
BRCA2,MCM7,GREmLN-only,tumor_suppressor,,
BRCA2,MYCN,GREmLN-only,oncogene,,
PIK3CA,ASXL2,TCGA-only,tumor_suppressor,1.0,activating
PIK3CA,REST,TCGA-only,tumor_suppressor,1.0,activating
PIK3CA,RRAGC,TCGA-only,oncogene,1.0,activating
PTEN,TCF12,TCGA-only,tumor_suppressor,1.0,activating
PTEN,USP9X,TCGA-only,tumor_suppressor,1.0,activating
PTEN,FOXP1,TCGA-only,tumor_suppressor,1.0,activating
RB1,ARID2,TCGA-only,tumor_suppressor,1.0,activating
RB1,USP8,TCGA-only,oncogene,1.0,activating
RB1,CDKN2A,TCGA-only,tumor_suppressor,-1.0,repressive
RB1,RBM38,TCGA-only,tumor_suppressor,-1.0,repressive
RB1,CNOT3,TCGA-only,oncogene,-1.0,repressive
RB1,KAT6A,GREmLN-only,tumor_suppressor,,
RB1,KDM3B,GREmLN-only,tumor_suppressor,,
RB1,KDM5A,GREmLN-only,oncogene,,
RB1,KDM5C,GREmLN-only,tumor_suppressor,,
RB1,MGA,GREmLN-only,tumor_suppressor,,
RB1,SMAD3,GREmLN-only,tumor_suppressor,,
RB1,TRRAP,GREmLN-only,oncogene,,
RB1,ZNF395,GREmLN-only,oncogene,,
ERBB2,ERBB3,TCGA-only,oncogene,1.0,activating
ERBB2,ZBTB7B,TCGA-only,tumor_suppressor,1.0,activating
ERBB2,BTG1,GREmLN-only,mixed,,
ERBB2,CDX2,GREmLN-only,tumor_suppressor,,
ERBB2,CHD4,GREmLN-only,oncogene,,
ERBB2,FOXP1,GREmLN-only,tumor_suppressor,,
ERBB2,GATA2,GREmLN-only,oncogene,,
ERBB2,KAT6A,GREmLN-only,tumor_suppressor,,
ERBB2,MECOM,GREmLN-only,mixed,,
ERBB2,MYC,GREmLN-only,mixed,,
ERBB2,PRDM2,GREmLN-only,tumor_suppressor,,
ERBB2,SETD2,GREmLN-only,tumor_suppressor,,
ERBB2,SND1,GREmLN-only,oncogene,,
ERBB2,STAT3,GREmLN-only,oncogene,,
ERBB2,ZFHX3,GREmLN-only,tumor_suppressor,,
ESR1,AFF3,TCGA-only,mixed,1.0,activating
ESR1,ERBB3,TCGA-only,oncogene,1.0,activating
ESR1,ERBB4,TCGA-only,tumor_suppressor,1.0,activating
ESR1,FOXA1,TCGA-only,oncogene,1.0,activating
ESR1,GATA3,TCGA-only,mixed,1.0,activating
ESR1,BCL11A,TCGA-only,oncogene,-1.0,repressive
ESR1,PIM1,TCGA-only,mixed,-1.0,repressive
ESR1,CHD2,GREmLN-only,tumor_suppressor,,
ESR1,TCF12,GREmLN-only,tumor_suppressor,,
GATA3,ERBB4,TCGA-only,tumor_suppressor,1.0,activating
GATA3,ESR1,TCGA-only,oncogene,1.0,activating
GATA3,FOXA1,TCGA-only,oncogene,1.0,activating
GATA3,KAT6B,TCGA-only,tumor_suppressor,1.0,activating
GATA3,CDKN1B,TCGA-only,tumor_suppressor,1.0,activating
GATA3,EGFR,TCGA-only,oncogene,-1.0,repressive
GATA3,MSN,TCGA-only,tumor_suppressor,-1.0,repressive
GATA3,WWTR1,TCGA-only,oncogene,-1.0,repressive
GATA3,CTNNB1,GREmLN-only,oncogene,,
GATA3,TBX3,GREmLN-only,mixed,,
GATA3,ZFP36L1,GREmLN-only,mixed,,
CDH1,CTNNA1,TCGA-only,mixed,1.0,activating
CDH1,FUBP1,GREmLN-only,mixed,,
CDH1,KDM5A,GREmLN-only,oncogene,,
CDH1,SMARCA4,GREmLN-only,oncogene,,
CDH1,ZBTB48,GREmLN-only,oncogene,,
