cancer_type,tier,background,seed,n_focal,n_random,focal_geomean_or,random_geomean_or,logor_permutation_p,focal_stouffer_z,random_stouffer_z_median,stouffer_empirical_p
BRCA,TCGA-only,all genes,42,12,298,4.917,3.465,0.0826,4.717,3.419,0.1409
BRCA,TCGA-only,all genes,1,12,297,4.917,3.39,0.059,4.717,3.255,0.1144
BRCA,TCGA-only,all genes,2,12,297,4.917,3.478,0.0816,4.717,3.21,0.091
BRCA,TCGA-only,all genes,3,12,296,4.917,3.342,0.048,4.717,3.252,0.1254
BRCA,TCGA-only,all genes,4,12,296,4.917,3.345,0.063,4.717,3.208,0.1024
BRCA,GREmLN-only,all genes,42,12,230,6.037,5.423,0.2971,7.832,6.179,0.1759
BRCA,GREmLN-only,all genes,1,12,218,6.037,5.214,0.2637,7.832,6.397,0.2109
BRCA,GREmLN-only,all genes,2,12,210,6.037,5.453,0.3193,7.832,6.707,0.2774
BRCA,GREmLN-only,all genes,3,12,214,6.037,5.158,0.2294,7.832,6.127,0.1494
BRCA,GREmLN-only,all genes,4,12,235,6.037,5.37,0.2917,7.832,6.753,0.2484
BRCA,TCGA-only,regulators only,42,12,298,1.735,1.223,0.0828,0.182,0.442,0.6302
BRCA,TCGA-only,regulators only,1,12,297,1.735,1.197,0.06,0.182,0.251,0.5347
BRCA,TCGA-only,regulators only,2,12,297,1.735,1.228,0.0832,0.182,0.195,0.5077
BRCA,TCGA-only,regulators only,3,12,296,1.735,1.18,0.0488,0.182,0.317,0.5522
BRCA,TCGA-only,regulators only,4,12,296,1.735,1.181,0.0644,0.182,0.3,0.5617
BRCA,GREmLN-only,regulators only,42,12,230,2.129,1.907,0.2923,3.14,2.347,0.2719
BRCA,GREmLN-only,regulators only,1,12,218,2.129,1.834,0.2621,3.14,2.558,0.3273
BRCA,GREmLN-only,regulators only,2,12,210,2.129,1.919,0.3167,3.14,2.865,0.4158
BRCA,GREmLN-only,regulators only,3,12,214,2.129,1.814,0.2286,3.14,2.278,0.2424
BRCA,GREmLN-only,regulators only,4,12,235,2.129,1.889,0.2883,3.14,2.638,0.3413
COAD,TCGA-only,all genes,42,13,299,5.035,3.212,0.0224,5.88,3.83,0.043
COAD,TCGA-only,all genes,1,13,299,5.035,3.265,0.0124,5.88,4.368,0.1214
COAD,TCGA-only,all genes,2,13,300,5.035,3.284,0.0208,5.88,4.06,0.0755
COAD,TCGA-only,all genes,3,13,300,5.035,3.314,0.0362,5.88,4.132,0.091
COAD,TCGA-only,all genes,4,13,300,5.035,3.225,0.0142,5.88,3.969,0.065
COAD,GREmLN-only,all genes,42,12,239,5.705,4.816,0.2094,6.943,5.565,0.2294
COAD,GREmLN-only,all genes,1,12,224,5.705,5.024,0.2761,6.943,6.079,0.3258
COAD,GREmLN-only,all genes,2,12,228,5.705,5.393,0.3995,6.943,6.526,0.4043
COAD,GREmLN-only,all genes,3,12,233,5.705,5.588,0.4671,6.943,6.49,0.3938
COAD,GREmLN-only,all genes,4,12,238,5.705,5.296,0.3719,6.943,6.277,0.3593
COAD,TCGA-only,regulators only,42,13,299,1.757,1.121,0.0224,1.415,0.167,0.094
COAD,TCGA-only,regulators only,1,13,299,1.757,1.139,0.0124,1.415,0.553,0.1839
COAD,TCGA-only,regulators only,2,13,300,1.757,1.146,0.021,1.415,0.266,0.1284
COAD,TCGA-only,regulators only,3,13,300,1.757,1.157,0.0366,1.415,0.483,0.1804
COAD,TCGA-only,regulators only,4,13,300,1.757,1.125,0.0142,1.415,0.204,0.1069
COAD,GREmLN-only,regulators only,42,12,239,2.008,1.692,0.2084,2.276,1.931,0.3883
COAD,GREmLN-only,regulators only,1,12,224,2.008,1.766,0.2753,2.276,2.272,0.4993
COAD,GREmLN-only,regulators only,2,12,228,2.008,1.898,0.3993,2.276,2.768,0.6597
COAD,GREmLN-only,regulators only,3,12,233,2.008,1.966,0.4665,2.276,2.623,0.6122
COAD,GREmLN-only,regulators only,4,12,238,2.008,1.863,0.3711,2.276,2.513,0.5757
