regulator.values	target.values	mi.values	scc.values	count.values	log.p.values
ENSG00000196459	ENSG00000161547	0.00060101	0.0424025	1	-nan
ENSG00000196235	ENSG00000125970	0.00725355	0.0394223	1	-nan
ENSG00000196235	ENSG00000231500	0.00222391	-0.110873	1	-nan
ENSG00000196235	ENSG00000171497	0.00259425	0.0999375	1	-nan
ENSG00000196235	ENSG00000163807	0.00259425	0.0837145	1	-nan
ENSG00000196235	ENSG00000127483	0.00222391	0.0628096	1	-nan
ENSG00000196235	ENSG00000215301	3.58536e-06	-0.02765	1	-nan
ENSG00000196235	ENSG00000147403	0.00222391	-0.0924717	1	-nan
ENSG00000196235	ENSG00000137154	0.00436193	-0.110943	1	-nan
ENSG00000196235	ENSG00000148334	0.00102794	0.0600362	1	-nan
ENSG00000196235	ENSG00000167526	0.00188204	-0.112105	1	-nan
ENSG00000181222	ENSG00000100376	3.20002e-05	0.0353712	1	-nan
ENSG00000181222	ENSG00000240972	0.00856131	-0.0861328	1	-nan
ENSG00000181222	ENSG00000142534	0.0246983	-0.196571	1	-nan
ENSG00000181222	ENSG00000142541	0.0873703	-0.200543	6	-nan
ENSG00000181222	ENSG00000105369	0.00299321	-0.0773111	1	-nan
ENSG00000181222	ENSG00000105372	0.0180322	-0.22751	1	-nan
ENSG00000181222	ENSG00000105640	0.023791	-0.237273	1	-nan
ENSG00000181222	ENSG00000168734	0.00222391	0.0442107	1	-nan
ENSG00000181222	ENSG00000126653	0.00299321	0.0208105	1	-nan
ENSG00000181222	ENSG00000034152	0.0208819	0.0786642	1	-nan
ENSG00000181222	ENSG00000112245	0.0991507	0.0153638	1	-nan
ENSG00000181222	ENSG00000231500	0.0223573	-0.220875	3	-nan
ENSG00000181222	ENSG00000196126	0.00436193	-0.134243	1	-nan
ENSG00000181222	ENSG00000204287	0.0187114	-0.220861	1	-nan
ENSG00000181222	ENSG00000204568	0.00387704	0.079926	1	-nan
ENSG00000181222	ENSG00000204619	0.0115969	0.097726	1	-nan
ENSG00000181222	ENSG00000170571	0.00658874	0.0699974	1	-nan
ENSG00000181222	ENSG00000145425	0.0259135	-0.229959	3	-nan
ENSG00000181222	ENSG00000109321	0.000288058	0.0158014	2	-nan
ENSG00000181222	ENSG00000177954	0.0936403	-0.215939	4	-nan
ENSG00000181222	ENSG00000071082	0.0299443	-0.228492	3	-nan
ENSG00000181222	ENSG00000144713	0.019069	-0.223048	3	-nan
ENSG00000181222	ENSG00000010671	0.00060101	0.0135302	1	-nan
ENSG00000181222	ENSG00000170881	3.20002e-05	-0.0136093	1	-nan
ENSG00000181222	ENSG00000137154	0.0201356	-0.219409	5	-nan
ENSG00000181222	ENSG00000177600	0.019069	-0.211139	8	-nan
ENSG00000181222	ENSG00000171202	0.0830274	0.0300823	1	-nan
ENSG00000181222	ENSG00000139644	0.0362325	0.0418771	1	-nan
ENSG00000181222	ENSG00000229117	0.0635089	-0.214975	5	-nan
ENSG00000181222	ENSG00000122026	0.0802946	-0.23554	1	-nan
ENSG00000181222	ENSG00000129534	0.00188204	0.0675107	1	-nan
ENSG00000181222	ENSG00000137818	0.0335619	-0.226925	1	-nan
ENSG00000181222	ENSG00000167526	0.0212316	-0.24115	7	-nan
ENSG00000180628	ENSG00000198918	0.14357	0.0502346	1	-nan
ENSG00000180628	ENSG00000149806	0.0951017	0.0098609	1	-nan
ENSG00000180628	ENSG00000137818	0.0423771	0.026559	1	-nan
ENSG00000179632	ENSG00000142541	0.0763577	-0.0414296	1	-nan
ENSG00000179632	ENSG00000105372	0.0599887	-0.0712611	2	-nan
ENSG00000179632	ENSG00000105640	0.121678	-0.0540202	2	-nan
ENSG00000179632	ENSG00000204287	0.0343941	-0.0226589	1	-nan
ENSG00000179632	ENSG00000145912	0.00128411	-0.0626029	1	-nan
ENSG00000179632	ENSG00000019582	0.147493	-0.0320838	2	-nan
ENSG00000179632	ENSG00000177954	0.0767979	-0.0557001	5	-nan
ENSG00000179632	ENSG00000088205	0.100781	-0.0522533	1	-nan
ENSG00000179632	ENSG00000144713	0.017469	-0.0544813	2	-nan
ENSG00000179632	ENSG00000147403	0.052695	-0.0334597	1	-nan
ENSG00000179632	ENSG00000104529	8.88915e-05	-0.0186102	1	-nan
ENSG00000179632	ENSG00000137154	0.0562081	-0.0175669	2	-nan
ENSG00000179632	ENSG00000136754	0.000288058	-0.0325847	1	-nan
ENSG00000179632	ENSG00000139644	0.000430284	-0.0165347	1	-nan
ENSG00000179632	ENSG00000229117	0.0504339	-0.0377387	2	-nan
ENSG00000179632	ENSG00000135655	0.00188204	-0.0592546	1	-nan
ENSG00000179632	ENSG00000122026	0.0718277	-0.0523798	1	-nan
ENSG00000177200	ENSG00000019582	0.116358	-0.201772	1	-nan
ENSG00000177200	ENSG00000177954	0.0975488	-0.164944	1	-nan
ENSG00000173473	ENSG00000111906	0.000288058	-0.0232323	1	-nan
ENSG00000173473	ENSG00000163534	0.000430284	0.0412448	1	-nan
ENSG00000171681	ENSG00000178425	0.00787491	0.156778	1	-nan
ENSG00000171681	ENSG00000177954	0.0868841	-0.233736	1	-nan
ENSG00000166848	ENSG00000169045	0.00060101	0.0394783	1	-nan
ENSG00000166669	ENSG00000101132	0.0311368	0.00608699	1	-nan
ENSG00000165671	ENSG00000105372	0.0625835	-0.145146	1	-nan
ENSG00000165671	ENSG00000197746	0.00128411	0.0520351	1	-nan
ENSG00000165671	ENSG00000128989	0.00787491	0.126432	1	-nan
ENSG00000159388	ENSG00000160888	0.0996782	0.296815	1	-nan
ENSG00000159388	ENSG00000171223	0.136937	0.311782	1	-nan
ENSG00000159388	ENSG00000172794	0.000800181	0.0165216	1	-nan
ENSG00000159388	ENSG00000213614	0.00387704	-0.0379274	1	-nan
ENSG00000152944	ENSG00000173598	0.00299321	0.0822034	1	-nan
ENSG00000145088	ENSG00000079459	0.00128411	0.0337222	1	-nan
ENSG00000145088	ENSG00000165632	0.00342076	0.092938	1	-nan
ENSG00000144802	ENSG00000182472	0.00299321	0.0509425	1	-nan
ENSG00000144802	ENSG00000153922	3.58536e-06	-0.0126768	1	-nan
ENSG00000144747	ENSG00000124201	0.00598882	0.0751992	1	-nan
ENSG00000144747	ENSG00000163736	3.20002e-05	0.00182567	1	-nan
ENSG00000144747	ENSG00000073849	0.0647471	0.0706581	1	-nan
ENSG00000140577	ENSG00000067064	0.134203	0.0573692	3	-nan
ENSG00000140577	ENSG00000198105	8.88915e-05	-0.00547657	1	-nan
ENSG00000137193	ENSG00000204287	3.20002e-05	-0.030634	1	-nan
ENSG00000137193	ENSG00000169131	0.00299321	0.0684589	1	-nan
ENSG00000133639	ENSG00000130204	0.00342076	-0.12423	1	-nan
ENSG00000133639	ENSG00000105372	0.240531	0.44806	2	-nan
ENSG00000133639	ENSG00000104921	0.062481	0.287944	1	-nan
ENSG00000133639	ENSG00000164691	0.0575175	0.22445	1	-nan
ENSG00000133639	ENSG00000241106	0.0182884	0.0536869	1	-nan
ENSG00000133639	ENSG00000196126	0.0893974	0.387221	1	-nan
ENSG00000133639	ENSG00000204287	0.165226	0.441294	4	-nan
ENSG00000133639	ENSG00000019582	0.245196	0.441159	2	-nan
ENSG00000133639	ENSG00000173221	0.00156882	-0.0753806	1	-nan
ENSG00000133639	ENSG00000144895	0.0144508	-0.0250392	1	-nan
ENSG00000133639	ENSG00000177954	0.189828	0.406284	1	-nan
ENSG00000133639	ENSG00000075292	0.0141791	-0.184135	1	-nan
ENSG00000133639	ENSG00000034510	0.229907	0.462451	6	-nan
ENSG00000133639	ENSG00000121966	0.264791	0.579794	23	-nan
ENSG00000133639	ENSG00000102172	0.039088	0.0513867	1	-nan
ENSG00000133639	ENSG00000198918	0.189965	0.397465	1	-nan
ENSG00000133639	ENSG00000156482	0.206478	0.441142	3	-nan
ENSG00000133639	ENSG00000136997	0.0314216	0.153279	3	-nan
ENSG00000133639	ENSG00000110848	0.079922	0.225235	1	-nan
ENSG00000133639	ENSG00000139291	0.0699695	0.075028	1	-nan
ENSG00000133639	ENSG00000111666	0.054771	0.0564798	1	-nan
ENSG00000133639	ENSG00000089220	0.0832589	-0.0388447	1	-nan
ENSG00000133639	ENSG00000022840	0.0376393	0.0918188	1	-nan
ENSG00000133639	ENSG00000122026	0.21961	0.431471	1	-nan
ENSG00000133639	ENSG00000132965	0.0652889	0.0647313	1	-nan
ENSG00000133639	ENSG00000136156	0.0636606	0.145668	3	-nan
ENSG00000133639	ENSG00000100721	0.0618631	0.322383	10	-nan
ENSG00000133639	ENSG00000213145	0.0450327	-0.14121	3	-nan
ENSG00000133639	ENSG00000213614	0.0296455	-0.0522396	1	-nan
ENSG00000133639	ENSG00000185043	0.100558	-0.23339	2	-nan
ENSG00000130165	ENSG00000167642	0.0338619	0.00538891	1	-nan
ENSG00000130165	ENSG00000167815	0.000800181	0.0542317	1	-nan
ENSG00000130165	ENSG00000141682	3.20002e-05	-0.0188459	1	-nan
ENSG00000130165	ENSG00000152818	0.15504	-0.0860809	1	-nan
ENSG00000130165	ENSG00000177556	0.00299321	0.0673942	3	-nan
ENSG00000130165	ENSG00000081189	0.0208286	-0.0127225	1	-nan
ENSG00000130165	ENSG00000205981	0.0580918	0.0775046	1	-nan
ENSG00000130165	ENSG00000163534	8.88915e-05	-0.00682712	2	-nan
ENSG00000130165	ENSG00000177954	0.125773	0.0339248	1	-nan
ENSG00000130165	ENSG00000185885	0.00156882	0.0645757	1	-nan
ENSG00000130165	ENSG00000177889	0.00856131	0.0882012	2	-nan
ENSG00000130165	ENSG00000122986	0.00667274	-0.00019631	1	-nan
ENSG00000130024	ENSG00000126088	3.20002e-05	0.0193022	1	-nan
ENSG00000128708	ENSG00000117697	0.00128411	0.0804168	1	-nan
ENSG00000123562	ENSG00000130429	0.00646993	0.0204653	1	-nan
ENSG00000123562	ENSG00000186468	0.00387704	-0.0477124	1	-nan
ENSG00000123562	ENSG00000177954	0.00259425	-0.0516101	1	-nan
ENSG00000119705	ENSG00000164649	0.00487548	0.0268855	1	-nan
ENSG00000119705	ENSG00000071994	8.88915e-05	0.0240505	1	-nan
ENSG00000119705	ENSG00000241106	0.107803	-0.0131589	2	-nan
ENSG00000119705	ENSG00000007944	0.000800181	0.00619212	1	-nan
ENSG00000119705	ENSG00000172340	0.00156882	0.050115	1	-nan
ENSG00000119705	ENSG00000163534	0.000800181	0.0229366	1	-nan
ENSG00000119705	ENSG00000177954	0.144705	0.0194036	1	-nan
ENSG00000119705	ENSG00000156171	0.000430284	0.0275002	1	-nan
ENSG00000119705	ENSG00000142765	0.00342076	0.0980302	1	-nan
ENSG00000119705	ENSG00000055044	0.00387704	0.0849264	1	-nan
ENSG00000119705	ENSG00000113851	0.00436193	0.110777	1	-nan
ENSG00000119705	ENSG00000130066	0.0503923	0.0362982	1	-nan
ENSG00000119705	ENSG00000147457	0.00102794	0.0681954	1	-nan
ENSG00000119705	ENSG00000134453	0.00787491	0.091268	1	-nan
ENSG00000119705	ENSG00000165516	0.000430284	0.0481812	1	-nan
ENSG00000119705	ENSG00000167526	0.111671	0.00116516	1	-nan
ENSG00000112237	ENSG00000160310	0.0100211	0.0535418	1	-nan
ENSG00000112237	ENSG00000114942	0.00897768	-0.0391429	1	-nan
ENSG00000112237	ENSG00000147403	0.0982217	-0.138308	1	-nan
ENSG00000112237	ENSG00000177600	0.0124285	-0.134143	1	-nan
ENSG00000112237	ENSG00000133818	0.00102794	0.0450205	1	-nan
ENSG00000112237	ENSG00000122026	0.0654517	-0.145208	1	-nan
ENSG00000110801	ENSG00000136240	0.00259425	0.089339	3	-nan
ENSG00000110801	ENSG00000023318	0.000174202	0.00162923	1	-nan
ENSG00000108561	ENSG00000123505	0.0325365	0.0107388	1	-nan
ENSG00000108561	ENSG00000089053	0.217042	0.00679643	1	-nan
ENSG00000105176	ENSG00000090554	0.00541779	0.053633	1	-nan
ENSG00000173193	ENSG00000204287	0.058953	-0.266613	1	-nan
ENSG00000173193	ENSG00000122026	0.153924	-0.37527	1	-nan
ENSG00000103275	ENSG00000145425	0.193271	-0.0625192	1	-nan
ENSG00000103275	ENSG00000177954	0.185573	-0.0442942	1	-nan
ENSG00000100941	ENSG00000100823	0.108965	0.155871	1	-nan
ENSG00000100941	ENSG00000165527	0.0486131	0.0559039	1	-nan
ENSG00000134480	ENSG00000116191	0.00156882	0.0604689	1	-nan
ENSG00000134480	ENSG00000156603	0.0146224	0.119022	1	-nan
ENSG00000134480	ENSG00000120805	0.00128411	0.057221	1	-nan
ENSG00000085224	ENSG00000147905	0.00436193	0.118251	1	-nan
ENSG00000085224	ENSG00000167526	0.13156	-0.107127	2	-nan
ENSG00000083168	ENSG00000101182	0.000288058	0.0201628	1	-nan
ENSG00000083168	ENSG00000204498	0.000430284	0.0135221	1	-nan
ENSG00000083168	ENSG00000019582	0.0832521	-0.119674	1	-nan
ENSG00000083168	ENSG00000147416	0.00156882	0.0711621	1	-nan
ENSG00000083168	ENSG00000104325	0.000288058	0.026047	1	-nan
ENSG00000083168	ENSG00000086065	0.00387704	0.0397888	1	-nan
ENSG00000083168	ENSG00000177425	3.20002e-05	0.00677071	1	-nan
ENSG00000083168	ENSG00000167526	0.0620567	-0.0963466	1	-nan
ENSG00000080503	ENSG00000164691	3.20002e-05	0.00906254	1	-nan
ENSG00000080503	ENSG00000138767	0.00128411	0.0050641	1	-nan
ENSG00000080503	ENSG00000119801	0.0505583	-0.101717	1	-nan
ENSG00000080503	ENSG00000165632	3.20002e-05	-0.0160572	1	-nan
ENSG00000048052	ENSG00000171476	0.000288058	-0.0295912	1	-nan
ENSG00000048052	ENSG00000168067	0.0422444	0.0457057	1	-nan
ENSG00000028839	ENSG00000177600	0.00222391	-0.0690009	1	-nan
ENSG00000022840	ENSG00000105369	0.0683709	0.0147296	1	-nan
ENSG00000022840	ENSG00000126353	0.000800181	0.021294	1	-nan
ENSG00000022840	ENSG00000112679	0.00299321	0.0119138	2	-nan
ENSG00000022840	ENSG00000177954	0.156704	0.0536682	1	-nan
ENSG00000022840	ENSG00000118260	0.00259425	-0.0540021	1	-nan
ENSG00000022840	ENSG00000156482	0.0934464	0.071965	1	-nan
ENSG00000022840	ENSG00000177600	0.0542394	0.0598629	1	-nan
ENSG00000022840	ENSG00000109920	8.88915e-05	0.0408831	1	-nan
ENSG00000022840	ENSG00000149136	8.88915e-05	0.00151221	1	-nan
ENSG00000022840	ENSG00000139641	0.000288058	-0.0495022	1	-nan
ENSG00000022840	ENSG00000133639	0.0376393	0.0918188	1	-nan
ENSG00000022840	ENSG00000122026	0.101006	0.0672801	1	-nan
ENSG00000022840	ENSG00000155463	0.00487548	0.104485	2	-nan
ENSG00000022840	ENSG00000167526	0.145817	0.0747631	3	-nan
ENSG00000164649	ENSG00000167077	3.58536e-06	0.0213634	1	-nan
ENSG00000164649	ENSG00000171791	0.00752264	-0.0304772	1	-nan
ENSG00000164649	ENSG00000130429	0.0603002	-0.0974591	2	-nan
ENSG00000164649	ENSG00000127920	0.000174202	-0.0265247	1	-nan
ENSG00000164649	ENSG00000263001	0.0246856	0.165363	1	-nan
ENSG00000164649	ENSG00000106052	0.0784587	0.0114645	1	-nan
ENSG00000164649	ENSG00000184588	0.0925062	-0.0172871	1	-nan
ENSG00000164649	ENSG00000115307	0.0862305	0.0127873	3	-nan
ENSG00000164649	ENSG00000147457	0.109294	0.096601	1	-nan
ENSG00000164649	ENSG00000175482	3.20002e-05	-0.0109299	1	-nan
ENSG00000164649	ENSG00000135655	0.00541779	0.117421	1	-nan
ENSG00000164649	ENSG00000119705	0.00487548	0.0268855	1	-nan
ENSG00000008128	ENSG00000105443	0.00188204	0.0649632	1	-nan
ENSG00000104960	ENSG00000142534	0.00188204	-0.0361468	1	-nan
ENSG00000104960	ENSG00000019582	0.0630301	-0.0834046	1	-nan
ENSG00000104960	ENSG00000177954	0.0802028	-0.098791	1	-nan
ENSG00000104960	ENSG00000143418	0.00156882	0.0210156	1	-nan
ENSG00000104960	ENSG00000185122	0.00342076	0.116528	1	-nan
ENSG00000104960	ENSG00000166405	0.00188204	-0.0309775	1	-nan
ENSG00000104960	ENSG00000166888	0.000174202	0.0183079	1	-nan
ENSG00000104960	ENSG00000122026	0.146635	-0.0903236	1	-nan
ENSG00000213523	ENSG00000160255	0.00259425	0.112528	1	-nan
ENSG00000198625	ENSG00000105640	0.140433	-0.305938	1	-nan
ENSG00000198625	ENSG00000108639	0.00819702	-0.0200796	1	-nan
ENSG00000198625	ENSG00000146247	0.00222391	0.104784	2	-nan
ENSG00000198625	ENSG00000241106	0.00787491	0.157703	1	-nan
ENSG00000198625	ENSG00000196126	0.00060101	-0.0511106	1	-nan
ENSG00000198625	ENSG00000204287	0.0843373	-0.206635	2	-nan
ENSG00000198625	ENSG00000145912	0.00102794	0.000729616	1	-nan
ENSG00000198625	ENSG00000109475	0.155524	-0.335888	1	-nan
ENSG00000198625	ENSG00000177954	0.167962	-0.328759	1	-nan
ENSG00000198625	ENSG00000147403	0.141043	-0.346769	1	-nan
ENSG00000198625	ENSG00000077238	0.0497237	0.225774	1	-nan
ENSG00000198625	ENSG00000167526	0.155649	-0.323121	1	-nan
ENSG00000197579	ENSG00000106537	0.00222391	0.0507847	1	-nan
ENSG00000197579	ENSG00000165527	0.00188204	0.00630496	1	-nan
ENSG00000196843	ENSG00000054611	3.20002e-05	0.0396279	1	-nan
ENSG00000196843	ENSG00000243156	0.00188204	0.0713777	1	-nan
ENSG00000196843	ENSG00000187091	0.00060101	-0.0574186	1	-nan
ENSG00000196843	ENSG00000095380	0.000288058	0.0215495	1	-nan
ENSG00000196419	ENSG00000198355	8.88915e-05	0.0549791	1	-nan
ENSG00000196419	ENSG00000166619	0.00598882	0.0903127	1	-nan
ENSG00000196419	ENSG00000271503	0.000430284	-0.0108468	1	-nan
ENSG00000196419	ENSG00000112306	0.0945946	-0.116314	1	-nan
ENSG00000196419	ENSG00000109390	0.138652	0.0346028	5	-nan
ENSG00000196419	ENSG00000083896	0.0721309	0.0399841	1	-nan
ENSG00000196419	ENSG00000136527	0.0481494	-0.0689625	1	-nan
ENSG00000196419	ENSG00000081154	0.0533602	-0.0522734	1	-nan
ENSG00000196419	ENSG00000152332	0.0237687	0.0178655	1	-nan
ENSG00000196419	ENSG00000163534	3.20002e-05	0.0494754	1	-nan
ENSG00000196419	ENSG00000113851	0.00593014	0.0809369	4	-nan
ENSG00000196419	ENSG00000102172	0.00554322	0.0539023	2	-nan
ENSG00000196419	ENSG00000125676	0.040259	0.0385928	2	-nan
ENSG00000196419	ENSG00000147457	0.00598882	0.13172	3	-nan
ENSG00000196419	ENSG00000149187	0.000288058	0.0057712	1	-nan
ENSG00000196419	ENSG00000140379	0.0243867	0.0661202	7	-nan
ENSG00000196072	ENSG00000124783	0.00102794	0.0610914	1	-nan
ENSG00000188529	ENSG00000122026	0.0802562	-0.166967	1	-nan
ENSG00000184990	ENSG00000160633	0.00102794	-0.0202452	1	-nan
ENSG00000184990	ENSG00000141682	0.141931	0.130658	1	-nan
ENSG00000184990	ENSG00000158417	0.0447504	0.0653919	1	-nan
ENSG00000184990	ENSG00000116044	0.00188204	0.0646862	1	-nan
ENSG00000184990	ENSG00000079246	3.20002e-05	-0.0575322	1	-nan
ENSG00000074266	ENSG00000198919	0.00128411	-0.0643689	1	-nan
ENSG00000179950	ENSG00000114933	0.000430284	0.0376663	1	-nan
ENSG00000179583	ENSG00000139641	0.00807431	0.0724159	1	-nan
ENSG00000178691	ENSG00000265972	3.20002e-05	-0.00964273	1	-nan
ENSG00000176788	ENSG00000122644	0.00541779	-0.124105	1	-nan
ENSG00000175602	ENSG00000124201	0.0378905	0.0778426	1	-nan
ENSG00000175602	ENSG00000164543	0.000174202	-0.0195614	1	-nan
ENSG00000175602	ENSG00000113328	0.00060101	-0.0173827	1	-nan
ENSG00000173575	ENSG00000185862	0.00156882	0.0368543	1	-nan
ENSG00000173575	ENSG00000130429	3.58536e-06	0.0375998	1	-nan
ENSG00000173575	ENSG00000164691	0.131037	0.0137987	1	-nan
ENSG00000173575	ENSG00000012660	0.0369632	0.039211	1	-nan
ENSG00000173575	ENSG00000162521	0.00259425	0.0710621	3	-nan
ENSG00000173575	ENSG00000240857	0.00487548	0.130177	1	-nan
ENSG00000173575	ENSG00000152518	0.0210714	-0.06752	1	-nan
ENSG00000173575	ENSG00000055044	0.00299321	0.0243642	2	-nan
ENSG00000173575	ENSG00000173198	3.20002e-05	-0.0370844	1	-nan
ENSG00000173120	ENSG00000167642	0.00299321	0.12323	1	-nan
ENSG00000173120	ENSG00000127993	0.000174202	0.0690378	1	-nan
ENSG00000170004	ENSG00000183255	3.58536e-06	0.0118167	1	-nan
ENSG00000064995	ENSG00000047346	0.00156882	0.0971862	1	-nan
ENSG00000164080	ENSG00000105514	8.88915e-05	0.0533552	1	-nan
ENSG00000164080	ENSG00000072803	3.20002e-05	0.077067	1	-nan
ENSG00000163935	ENSG00000105364	0.00259425	0.0497702	1	-nan
ENSG00000163935	ENSG00000167323	0.00222391	0.0698145	1	-nan
ENSG00000156603	ENSG00000134480	0.0146224	0.119022	1	-nan
ENSG00000156603	ENSG00000145740	0.000174202	0.0260976	1	-nan
ENSG00000153922	ENSG00000142541	0.127089	0.0107143	1	-nan
ENSG00000153922	ENSG00000105640	0.125966	-0.0544282	1	-nan
ENSG00000153922	ENSG00000137409	0.00658874	0.105021	1	-nan
ENSG00000153922	ENSG00000231500	0.0679499	-0.000332445	2	-nan
ENSG00000153922	ENSG00000144802	3.58536e-06	-0.0126768	1	-nan
ENSG00000153922	ENSG00000169379	3.58536e-06	0.0038665	1	-nan
ENSG00000153922	ENSG00000177954	0.174916	-0.0112052	4	-nan
ENSG00000153922	ENSG00000157916	0.09865	0.0287058	3	-nan
ENSG00000153922	ENSG00000079246	0.0737168	-0.0916715	1	-nan
ENSG00000153922	ENSG00000135241	3.20002e-05	-0.0208388	1	-nan
ENSG00000153922	ENSG00000120963	0.00156882	-0.0787271	1	-nan
ENSG00000153922	ENSG00000137154	0.0496732	-0.00396185	2	-nan
ENSG00000153922	ENSG00000177600	0.102326	0.0091931	4	-nan
ENSG00000153922	ENSG00000095585	0.00222391	-0.0585647	1	-nan
ENSG00000153922	ENSG00000229117	0.153374	0.00100561	4	-nan
ENSG00000153922	ENSG00000111144	0.0720333	-0.0712761	1	-nan
ENSG00000148572	ENSG00000271605	0.00810954	0.111309	1	-nan
ENSG00000147140	ENSG00000231500	0.070636	-0.0714208	1	-nan
ENSG00000147140	ENSG00000119048	0.0944181	0.0216771	1	-nan
ENSG00000147140	ENSG00000119866	0.00693882	0.057601	1	-nan
ENSG00000147140	ENSG00000196937	0.0551701	0.0133677	1	-nan
ENSG00000147140	ENSG00000177600	0.00128411	-0.0723153	1	-nan
ENSG00000147140	ENSG00000229117	0.0813543	-0.0680966	1	-nan
ENSG00000147140	ENSG00000185650	0.0633059	0.0137937	2	-nan
ENSG00000147140	ENSG00000091640	0.00060101	0.0607669	1	-nan
ENSG00000146223	ENSG00000079263	8.88915e-05	-0.010999	1	-nan
ENSG00000138375	ENSG00000076321	0.00102794	0.0539387	1	-nan
ENSG00000138095	ENSG00000168724	0.000800181	0.0187885	1	-nan
ENSG00000132382	ENSG00000185414	0.00060101	-0.00233556	1	-nan
ENSG00000123066	ENSG00000122008	3.20002e-05	0.00147534	1	-nan
ENSG00000123066	ENSG00000147403	0.0888374	-0.233634	1	-nan
ENSG00000135334	ENSG00000142541	0.0260869	-0.0132194	1	-nan
ENSG00000135334	ENSG00000105372	0.0764499	-0.00298575	1	-nan
ENSG00000135334	ENSG00000164346	0.0464492	-0.0281504	1	-nan
ENSG00000135334	ENSG00000084754	0.013115	0.0133301	1	-nan
ENSG00000135334	ENSG00000122026	0.093793	-0.00148743	1	-nan
ENSG00000113649	ENSG00000142669	0.0412469	-0.0669407	1	-nan
ENSG00000113387	ENSG00000130175	0.0585523	-0.00031919	1	-nan
ENSG00000149136	ENSG00000189306	0.00188204	0.0401636	1	-nan
ENSG00000149136	ENSG00000112576	0.000288058	0.0731827	1	-nan
ENSG00000149136	ENSG00000171476	0.00487548	0.053078	1	-nan
ENSG00000149136	ENSG00000072858	0.00102794	0.0619252	1	-nan
ENSG00000149136	ENSG00000122417	0.00299321	0.108322	1	-nan
ENSG00000149136	ENSG00000119820	0.00102794	0.00979934	1	-nan
ENSG00000149136	ENSG00000102172	0.00787491	0.127903	1	-nan
ENSG00000149136	ENSG00000102119	0.0920018	0.123721	1	-nan
ENSG00000149136	ENSG00000111540	0.00570941	0.059896	1	-nan
ENSG00000149136	ENSG00000022840	8.88915e-05	0.00151221	1	-nan
ENSG00000149136	ENSG00000072864	0.00188204	0.0492807	1	-nan
ENSG00000112118	ENSG00000135845	0.00128411	0.109446	1	-nan
ENSG00000124422	ENSG00000205269	0.000288058	-0.00343864	1	-nan
ENSG00000111276	ENSG00000105640	0.102378	-0.070664	1	-nan
ENSG00000111276	ENSG00000159322	0.00387704	0.0788822	1	-nan
ENSG00000172349	ENSG00000159140	0.0541983	0.0300167	2	-nan
ENSG00000172349	ENSG00000266967	0.00259425	0.0652639	1	-nan
ENSG00000172349	ENSG00000285437	0.00222391	-0.0936456	1	-nan
ENSG00000172349	ENSG00000119048	0.0898593	0.0167845	1	-nan
ENSG00000172349	ENSG00000177954	0.103952	-0.0451033	1	-nan
ENSG00000172349	ENSG00000127125	0.0192672	0.0490438	1	-nan
ENSG00000172349	ENSG00000075884	0.00951128	0.0970996	1	-nan
ENSG00000172349	ENSG00000102172	0.00156882	0.0833775	1	-nan
ENSG00000172349	ENSG00000198168	0.0341975	0.0165199	1	-nan
ENSG00000172349	ENSG00000139193	0.019069	0.132031	1	-nan
ENSG00000105323	ENSG00000185122	8.88915e-05	-0.0024451	1	-nan
ENSG00000105323	ENSG00000048828	0.000174202	0.0283341	1	-nan
ENSG00000102103	ENSG00000176407	8.88915e-05	0.0147571	1	-nan
ENSG00000100823	ENSG00000142541	0.0586018	-0.164172	1	-nan
ENSG00000100823	ENSG00000105640	0.00856131	-0.158018	1	-nan
ENSG00000100823	ENSG00000185811	0.00188204	0.0788168	1	-nan
ENSG00000100823	ENSG00000204287	0.0999031	-0.20972	1	-nan
ENSG00000100823	ENSG00000019582	0.0257858	-0.183422	1	-nan
ENSG00000100823	ENSG00000145425	0.0945278	-0.162439	3	-nan
ENSG00000100823	ENSG00000184203	0.00060101	0.0298912	2	-nan
ENSG00000100823	ENSG00000177954	0.139398	-0.158783	3	-nan
ENSG00000100823	ENSG00000127483	0.14195	0.0961761	2	-nan
ENSG00000100823	ENSG00000144713	0.0672793	-0.157051	1	-nan
ENSG00000100823	ENSG00000178567	0.00102794	-0.0235106	1	-nan
ENSG00000100823	ENSG00000177600	0.00541779	-0.155007	1	-nan
ENSG00000100823	ENSG00000229117	0.0878794	-0.152154	1	-nan
ENSG00000100823	ENSG00000100941	0.108965	0.155871	1	-nan
ENSG00000100823	ENSG00000167526	0.0444878	-0.165122	1	-nan
ENSG00000161526	ENSG00000072756	3.58536e-06	-0.00587645	1	-nan
ENSG00000079785	ENSG00000162385	0.0124285	0.108198	1	-nan
ENSG00000067334	ENSG00000197043	0.0687488	0.0409205	1	-nan
ENSG00000067334	ENSG00000152518	0.032227	0.0669362	1	-nan
ENSG00000160633	ENSG00000122026	0.0255734	-0.164491	2	-nan
ENSG00000160633	ENSG00000133997	0.00060101	-0.0124431	1	-nan
ENSG00000160633	ENSG00000184990	0.00102794	-0.0202452	1	-nan
ENSG00000197451	ENSG00000144713	0.134905	-0.25257	1	-nan
ENSG00000196628	ENSG00000071994	0.00156882	0.070089	1	-nan
ENSG00000196628	ENSG00000164405	0.00188204	-0.0195745	1	-nan
ENSG00000196628	ENSG00000099204	0.000288058	0.041445	1	-nan
ENSG00000196628	ENSG00000111666	3.20002e-05	-0.0535601	1	-nan
ENSG00000185650	ENSG00000214941	0.00128411	0.0732498	1	-nan
ENSG00000185650	ENSG00000204287	0.146073	-0.235935	2	-nan
ENSG00000185650	ENSG00000147140	0.0633059	0.0137937	2	-nan
ENSG00000185650	ENSG00000149187	0.0355667	0.10181	1	-nan
ENSG00000185650	ENSG00000140379	0.00102794	-0.0696595	1	-nan
ENSG00000214941	ENSG00000185650	0.00128411	0.0732498	1	-nan
ENSG00000159210	ENSG00000124193	3.58536e-06	-0.0106686	1	-nan
ENSG00000060339	ENSG00000185808	0.0202331	0.0653266	1	-nan
ENSG00000060339	ENSG00000139218	3.20002e-05	0.0690574	1	-nan
ENSG00000132740	ENSG00000062582	3.58536e-06	0.00722321	1	-nan
ENSG00000181220	ENSG00000081052	0.000288058	0.0427078	1	-nan
ENSG00000155090	ENSG00000132549	3.20002e-05	-0.0223064	1	-nan
ENSG00000155090	ENSG00000141096	3.58536e-06	-0.0257894	1	-nan
ENSG00000170345	ENSG00000171223	0.495065	0.763876	3	-nan
ENSG00000133858	ENSG00000185862	0.00102794	0.0126802	1	-nan
ENSG00000133858	ENSG00000198189	3.58536e-06	-0.00336483	1	-nan
ENSG00000133858	ENSG00000102409	0.00102794	0.0981807	2	-nan
ENSG00000112983	ENSG00000160213	3.58536e-06	0.0166072	1	-nan
ENSG00000163812	ENSG00000060749	3.20002e-05	0.0561663	1	-nan
ENSG00000160908	ENSG00000106080	0.000174202	-0.0260761	1	-nan
ENSG00000213762	ENSG00000166997	3.20002e-05	-0.012965	1	-nan
ENSG00000158805	ENSG00000118503	8.88915e-05	0.0485145	1	-nan
ENSG00000158805	ENSG00000129680	0.000174202	-0.0200732	1	-nan
ENSG00000170949	ENSG00000197324	0.00387704	0.0920102	1	-nan
ENSG00000171476	ENSG00000048052	0.000288058	-0.0295912	1	-nan
ENSG00000171476	ENSG00000186468	0.00102794	-0.0753071	1	-nan
ENSG00000171476	ENSG00000109475	0.00060101	-0.0365009	2	-nan
ENSG00000171476	ENSG00000182899	0.00299321	-0.0589094	1	-nan
ENSG00000171476	ENSG00000155368	0.0100597	0.047437	1	-nan
ENSG00000171476	ENSG00000156482	0.00128411	-0.0646735	1	-nan
ENSG00000171476	ENSG00000149136	0.00487548	0.053078	1	-nan
ENSG00000173545	ENSG00000204619	0.00060101	-0.0612696	1	-nan
ENSG00000173545	ENSG00000177954	0.0654861	-0.045716	1	-nan
ENSG00000173545	ENSG00000142186	8.88915e-05	0.0409144	1	-nan
ENSG00000165632	ENSG00000178913	0.0207174	0.049553	1	-nan
ENSG00000165632	ENSG00000145088	0.00342076	0.092938	1	-nan
ENSG00000165632	ENSG00000164054	0.00487548	0.0970826	1	-nan
ENSG00000165632	ENSG00000058668	0.00761295	0.0671323	1	-nan
ENSG00000165632	ENSG00000080503	3.20002e-05	-0.0160572	1	-nan
ENSG00000146278	ENSG00000141959	0.000430284	-0.0336748	1	-nan
ENSG00000146278	ENSG00000198355	0.0105124	-0.00944544	1	-nan
ENSG00000146278	ENSG00000125740	0.0378902	0.108758	1	-nan
ENSG00000146278	ENSG00000163320	0.0774764	-0.121963	1	-nan
ENSG00000146278	ENSG00000177600	0.187732	0.210065	1	-nan
ENSG00000146278	ENSG00000122026	0.187824	0.198675	1	-nan
ENSG00000146278	ENSG00000166501	0.0692764	-0.208896	1	-nan
ENSG00000230989	ENSG00000167615	0.000430284	-0.0243888	1	-nan
ENSG00000230989	ENSG00000186468	0.0791829	-0.105971	1	-nan
ENSG00000230989	ENSG00000161016	0.051023	-0.130428	1	-nan
ENSG00000230989	ENSG00000149806	0.075925	-0.127865	1	-nan
ENSG00000153879	ENSG00000086730	0.00787491	0.165258	1	-nan
ENSG00000153879	ENSG00000114315	0.00102794	-0.058675	1	-nan
ENSG00000153879	ENSG00000120509	0.00723021	0.0302273	1	-nan
ENSG00000114861	ENSG00000204287	0.0845938	-0.348396	3	-nan
ENSG00000114861	ENSG00000204568	0.00856852	0.108266	1	-nan
ENSG00000114861	ENSG00000019582	0.0798844	-0.333513	3	-nan
ENSG00000114861	ENSG00000137154	0.0302788	-0.286398	1	-nan
ENSG00000114861	ENSG00000229117	0.0397524	-0.279011	2	-nan
ENSG00000114861	ENSG00000137818	0.054205	-0.305307	1	-nan
ENSG00000163320	ENSG00000126860	0.00222391	0.0542581	1	-nan
ENSG00000163320	ENSG00000146278	0.0774764	-0.121963	1	-nan
ENSG00000163320	ENSG00000163634	0.00222391	0.00719206	1	-nan
ENSG00000163320	ENSG00000178057	0.0506469	-0.00989056	1	-nan
ENSG00000163320	ENSG00000138032	0.00787491	0.107214	1	-nan
ENSG00000163320	ENSG00000158050	0.000288058	-0.047399	1	-nan
ENSG00000163320	ENSG00000115020	0.0303409	-0.0360529	2	-nan
ENSG00000163320	ENSG00000244187	0.000800181	-0.0280523	1	-nan
ENSG00000163320	ENSG00000100814	8.88915e-05	-0.00706566	1	-nan
ENSG00000128272	ENSG00000204287	0.0692356	-0.046252	3	-nan
ENSG00000128272	ENSG00000127483	0.0804967	-0.0635625	1	-nan
ENSG00000128272	ENSG00000122026	0.160309	-0.0721058	1	-nan
ENSG00000125952	ENSG00000133316	0.00188204	0.0207717	1	-nan
ENSG00000183741	ENSG00000214078	0.00222391	0.0825986	1	-nan
ENSG00000057935	ENSG00000152926	0.00128411	-0.0361595	1	-nan
ENSG00000196367	ENSG00000102572	0.00387704	0.0997743	1	-nan
ENSG00000125740	ENSG00000142534	0.134266	-0.130566	3	-nan
ENSG00000125740	ENSG00000142541	0.456085	-0.525852	3	-nan
ENSG00000125740	ENSG00000105372	0.369305	-0.499193	8	-nan
ENSG00000125740	ENSG00000105640	0.412327	-0.522804	6	-nan
ENSG00000125740	ENSG00000168610	0.00259425	0.0181946	1	-nan
ENSG00000125740	ENSG00000112096	0.000288058	-0.0246667	1	-nan
ENSG00000125740	ENSG00000146278	0.0378902	0.108758	1	-nan
ENSG00000125740	ENSG00000231500	0.422827	-0.536321	3	-nan
ENSG00000125740	ENSG00000231389	0.0953718	0.104812	1	-nan
ENSG00000125740	ENSG00000204287	0.156431	-0.275062	2	-nan
ENSG00000125740	ENSG00000204619	0.0496078	0.0358704	1	-nan
ENSG00000125740	ENSG00000145912	0.0758462	0.0277298	1	-nan
ENSG00000125740	ENSG00000145425	0.306063	-0.453733	4	-nan
ENSG00000125740	ENSG00000117091	0.0531747	0.23003	1	-nan
ENSG00000125740	ENSG00000177954	0.482149	-0.552972	6	-nan
ENSG00000125740	ENSG00000187608	0.00387704	0.0391852	1	-nan
ENSG00000125740	ENSG00000034510	0.173014	-0.364657	1	-nan
ENSG00000125740	ENSG00000071082	0.264403	-0.420768	3	-nan
ENSG00000125740	ENSG00000144713	0.366676	-0.500247	8	-nan
ENSG00000125740	ENSG00000147403	0.403155	-0.52503	5	-nan
ENSG00000125740	ENSG00000137154	0.371973	-0.467419	3	-nan
ENSG00000125740	ENSG00000176101	0.0487378	-0.0247997	1	-nan
ENSG00000125740	ENSG00000177600	0.369297	-0.466628	10	-nan
ENSG00000125740	ENSG00000229117	0.526551	-0.564402	5	-nan
ENSG00000125740	ENSG00000122026	0.383441	-0.511303	6	-nan
ENSG00000125740	ENSG00000139687	0.0446222	-0.186067	6	-nan
ENSG00000125740	ENSG00000137818	0.341175	-0.485367	1	-nan
ENSG00000125740	ENSG00000008517	0.0614728	-0.193442	1	-nan
ENSG00000125740	ENSG00000167526	0.436674	-0.522248	6	-nan
ENSG00000137504	ENSG00000106211	3.58536e-06	-0.0574902	1	-nan
ENSG00000137504	ENSG00000198833	0.012866	-0.00247164	1	-nan
ENSG00000137504	ENSG00000135241	0.00436193	0.124153	1	-nan
ENSG00000137504	ENSG00000137154	0.134142	-0.36799	2	-nan
ENSG00000137504	ENSG00000129515	0.00102794	0.0646951	1	-nan
ENSG00000198815	ENSG00000112339	0.000430284	0.0496571	1	-nan
ENSG00000102241	ENSG00000266173	0.0620835	0.0482357	1	-nan
ENSG00000102241	ENSG00000023892	0.109182	0.109567	1	-nan
ENSG00000102241	ENSG00000111859	0.0284938	0.0842986	1	-nan
ENSG00000102241	ENSG00000084234	0.00436193	0.145923	1	-nan
ENSG00000102241	ENSG00000134453	0.0514974	0.111259	2	-nan
ENSG00000102241	ENSG00000122873	8.88915e-05	-0.00469338	1	-nan
ENSG00000142192	ENSG00000175215	0.000800181	0.0491852	1	-nan
ENSG00000168813	ENSG00000176444	0.00128411	-0.0312626	1	-nan
ENSG00000168036	ENSG00000113851	0.00259425	0.0146847	1	-nan
ENSG00000168036	ENSG00000180879	3.58536e-06	-0.0578115	1	-nan
ENSG00000263001	ENSG00000164649	0.0246856	0.165363	1	-nan
ENSG00000263001	ENSG00000240230	0.00683548	0.0325343	1	-nan
ENSG00000263001	ENSG00000145817	0.00222391	0.0593132	1	-nan
ENSG00000263001	ENSG00000157500	0.0170248	0.169926	1	-nan
ENSG00000263001	ENSG00000084754	0.000430284	0.0564722	1	-nan
ENSG00000263001	ENSG00000115484	0.0139283	0.124914	1	-nan
ENSG00000263001	ENSG00000071082	0.0462189	-0.297532	1	-nan
ENSG00000263001	ENSG00000144713	0.160656	-0.296206	1	-nan
ENSG00000263001	ENSG00000214022	0.00299321	0.105093	1	-nan
ENSG00000263001	ENSG00000147457	0.0388965	0.0322285	1	-nan
ENSG00000263001	ENSG00000122026	0.2209	-0.322291	1	-nan
ENSG00000263001	ENSG00000167526	0.0585657	-0.325056	2	-nan
ENSG00000159256	ENSG00000142541	0.0115969	-0.168081	1	-nan
ENSG00000159256	ENSG00000186111	0.000800181	0.0590445	1	-nan
ENSG00000114126	ENSG00000163519	0.00102794	0.0440687	1	-nan
ENSG00000114126	ENSG00000171135	0.00102794	0.0495474	1	-nan
ENSG00000114126	ENSG00000119335	0.00259425	0.0652866	1	-nan
ENSG00000114126	ENSG00000107625	0.000174202	0.00599705	1	-nan
ENSG00000141510	ENSG00000124207	3.58536e-06	0.0414225	1	-nan
ENSG00000100319	ENSG00000145349	8.88915e-05	-0.00676309	1	-nan
ENSG00000105556	ENSG00000113269	0.00299321	-0.0571349	1	-nan
ENSG00000065526	ENSG00000048028	0.000288058	0.0194517	1	-nan
ENSG00000135457	ENSG00000006634	0.000174202	0.0582522	1	-nan
ENSG00000020633	ENSG00000102871	0.00387704	0.0895125	1	-nan
ENSG00000141905	ENSG00000120333	0.000288058	0.039049	1	-nan
ENSG00000119866	ENSG00000170906	0.100909	-0.165537	1	-nan
ENSG00000119866	ENSG00000017797	0.00663445	0.0760002	1	-nan
ENSG00000119866	ENSG00000168961	0.000800181	0.0282978	1	-nan
ENSG00000119866	ENSG00000122565	0.00664847	0.0266597	1	-nan
ENSG00000119866	ENSG00000177954	0.213466	-0.373562	1	-nan
ENSG00000119866	ENSG00000034510	0.114223	-0.276049	1	-nan
ENSG00000119866	ENSG00000091317	0.00436193	-0.0760112	1	-nan
ENSG00000119866	ENSG00000147140	0.00693882	0.057601	1	-nan
ENSG00000119866	ENSG00000089053	0.0354985	-0.0247111	1	-nan
ENSG00000063978	ENSG00000177710	0.000174202	-0.0164314	1	-nan
ENSG00000147604	ENSG00000105372	0.950718	0.916569	15	-nan
ENSG00000147604	ENSG00000130175	0.0372594	0.0384821	1	-nan
ENSG00000147604	ENSG00000105364	0.0567778	-0.194087	1	-nan
ENSG00000147604	ENSG00000172809	0.69597	0.86772	2	-nan
ENSG00000147604	ENSG00000164543	0.117742	-0.0835383	1	-nan
ENSG00000147604	ENSG00000112306	0.854818	0.905305	4	-nan
ENSG00000147604	ENSG00000186468	0.859212	0.902803	6	-nan
ENSG00000147604	ENSG00000109475	1.04617	0.928595	16	-nan
ENSG00000147604	ENSG00000163682	0.795533	0.901437	6	-nan
ENSG00000147604	ENSG00000182899	0.898173	0.912758	14	-nan
ENSG00000147604	ENSG00000163534	0.0720999	-0.180759	1	-nan
ENSG00000147604	ENSG00000177954	0.984673	0.916703	14	-nan
ENSG00000147604	ENSG00000265972	0.228785	0.152733	2	-nan
ENSG00000147604	ENSG00000127125	0.0285115	-0.136954	1	-nan
ENSG00000147604	ENSG00000142937	0.830611	0.895844	6	-nan
ENSG00000147604	ENSG00000168028	0.496229	0.775968	1	-nan
ENSG00000147604	ENSG00000198918	0.906789	0.911926	17	-nan
ENSG00000147604	ENSG00000156482	0.717426	0.888973	8	-nan
ENSG00000147604	ENSG00000177600	1.00606	0.921799	13	-nan
ENSG00000147604	ENSG00000162236	0.0462952	-0.0143082	1	-nan
ENSG00000147604	ENSG00000166888	0.0207227	-0.0353955	1	-nan
ENSG00000147604	ENSG00000089157	0.522065	0.751562	1	-nan
ENSG00000147604	ENSG00000122026	1.05942	0.932791	16	-nan
ENSG00000147604	ENSG00000100906	0.203486	0.336812	1	-nan
ENSG00000147604	ENSG00000213145	0.22384	0.366232	5	-nan
ENSG00000147604	ENSG00000140968	0.0748473	-0.0530029	1	-nan
ENSG00000147604	ENSG00000167526	0.92063	0.919866	16	-nan
ENSG00000157514	ENSG00000105372	0.239925	0.159934	1	-nan
ENSG00000157514	ENSG00000171223	0.248026	0.512706	1	-nan
ENSG00000157514	ENSG00000141279	0.0110777	-0.101791	1	-nan
ENSG00000157514	ENSG00000174720	0.0531398	0.0171257	1	-nan
ENSG00000157514	ENSG00000163848	0.00188204	-0.0245156	1	-nan
ENSG00000157514	ENSG00000147403	0.252682	0.148851	1	-nan
ENSG00000157514	ENSG00000177600	0.230351	0.218253	1	-nan
ENSG00000157514	ENSG00000067082	0.255673	0.455738	1	-nan
ENSG00000157514	ENSG00000089053	0.0636227	-0.0279697	1	-nan
ENSG00000171291	ENSG00000130305	0.000800181	0.0696375	1	-nan
ENSG00000155329	ENSG00000095585	0.00487548	0.0569712	1	-nan
ENSG00000173875	ENSG00000204287	0.0717638	0.00369766	1	-nan
ENSG00000173875	ENSG00000019582	0.06612	-0.005747	2	-nan
ENSG00000173875	ENSG00000164167	0.0294831	0.0633236	1	-nan
ENSG00000173875	ENSG00000084234	0.0138104	0.0162508	1	-nan
ENSG00000173875	ENSG00000139726	0.0151904	-0.079304	1	-nan
ENSG00000147905	ENSG00000100380	0.0988461	-0.054337	1	-nan
ENSG00000147905	ENSG00000177954	0.0739091	-0.107375	1	-nan
ENSG00000147905	ENSG00000144713	0.029722	-0.100639	1	-nan
ENSG00000147905	ENSG00000085224	0.00436193	0.118251	1	-nan
ENSG00000147905	ENSG00000229117	0.0500656	-0.13758	1	-nan
ENSG00000138433	ENSG00000142541	0.116413	-0.128267	1	-nan
ENSG00000138433	ENSG00000105640	0.143984	-0.14305	1	-nan
ENSG00000138433	ENSG00000177954	0.223116	-0.129237	1	-nan
ENSG00000138433	ENSG00000144713	0.124228	-0.117137	1	-nan
ENSG00000138433	ENSG00000147403	0.119139	-0.116019	1	-nan
ENSG00000138433	ENSG00000185122	0.00787491	0.0920009	2	-nan
ENSG00000138433	ENSG00000149311	0.055556	0.0423003	1	-nan
ENSG00000138433	ENSG00000229117	0.133626	-0.138142	1	-nan
ENSG00000138433	ENSG00000122026	0.0927334	-0.12466	2	-nan
ENSG00000138433	ENSG00000100644	0.00188204	0.0557816	1	-nan
ENSG00000170581	ENSG00000177556	0.000430284	0.0357632	1	-nan
ENSG00000146007	ENSG00000147457	0.00342076	0.0804706	1	-nan
ENSG00000124831	ENSG00000177954	0.15706	-0.155584	1	-nan
ENSG00000124831	ENSG00000198918	0.169977	-0.135468	1	-nan
ENSG00000171223	ENSG00000128016	0.312801	0.575367	1	-nan
ENSG00000171223	ENSG00000159388	0.136937	0.311782	1	-nan
ENSG00000171223	ENSG00000177954	0.418925	-0.158173	3	-nan
ENSG00000171223	ENSG00000158417	0.0306702	-0.0513121	1	-nan
ENSG00000171223	ENSG00000071082	0.221821	0.0109285	2	-nan
ENSG00000171223	ENSG00000144713	0.313194	-0.105079	1	-nan
ENSG00000171223	ENSG00000157514	0.248026	0.512706	1	-nan
ENSG00000171223	ENSG00000177600	0.302203	-0.0649384	1	-nan
ENSG00000171223	ENSG00000229117	0.438053	-0.178228	1	-nan
ENSG00000171223	ENSG00000170345	0.495065	0.763876	3	-nan
ENSG00000133997	ENSG00000105640	0.0909767	-0.0401159	1	-nan
ENSG00000133997	ENSG00000160633	0.00060101	-0.0124431	1	-nan
ENSG00000133997	ENSG00000164548	0.00102794	-0.0539094	1	-nan
ENSG00000133997	ENSG00000164691	0.00128411	0.0899841	1	-nan
ENSG00000133997	ENSG00000115816	0.0400506	0.0757125	1	-nan
ENSG00000133997	ENSG00000143947	0.086252	-0.0456755	1	-nan
ENSG00000133997	ENSG00000188042	0.000800181	0.0168667	1	-nan
ENSG00000133997	ENSG00000102172	0.0697077	0.0998535	2	-nan
ENSG00000133997	ENSG00000198918	0.108663	-0.023889	1	-nan
ENSG00000133997	ENSG00000084234	0.000288058	0.00377992	1	-nan
ENSG00000133997	ENSG00000120008	0.0350827	0.0232708	1	-nan
ENSG00000121406	ENSG00000103932	0.000174202	0.022337	1	-nan
ENSG00000136997	ENSG00000112306	0.115427	0.214175	1	-nan
ENSG00000136997	ENSG00000112137	0.0119972	-0.0697712	1	-nan
ENSG00000136997	ENSG00000112679	8.88915e-05	-0.0329008	1	-nan
ENSG00000136997	ENSG00000177600	0.141887	0.212706	1	-nan
ENSG00000136997	ENSG00000133639	0.0314216	0.153279	3	-nan
ENSG00000136997	ENSG00000100811	0.053572	0.0888128	1	-nan
ENSG00000136826	ENSG00000105640	0.0271254	-0.108725	1	-nan
ENSG00000136826	ENSG00000136147	8.88915e-05	0.0396897	1	-nan
ENSG00000136826	ENSG00000100721	0.0132892	0.180359	1	-nan
ENSG00000159592	ENSG00000137210	0.00856131	0.148382	2	-nan
ENSG00000133740	ENSG00000075142	0.000174202	-0.00049182	2	-nan
ENSG00000106290	ENSG00000182208	3.20002e-05	-0.0289533	1	-nan
ENSG00000273611	ENSG00000136240	0.0957559	0.0549328	1	-nan
ENSG00000273611	ENSG00000159069	0.000800181	0.0152775	1	-nan
ENSG00000273611	ENSG00000175482	0.0899584	0.0851551	1	-nan
ENSG00000117036	ENSG00000240230	3.58536e-06	0.0020456	1	-nan
ENSG00000138073	ENSG00000166128	0.00102794	0.00659382	1	-nan
ENSG00000137265	ENSG00000112679	0.000430284	0.0102081	1	-nan
ENSG00000120093	ENSG00000184988	0.000430284	-0.0344056	1	-nan
ENSG00000273841	ENSG00000205413	0.000174202	-0.00923301	1	-nan
ENSG00000273841	ENSG00000166501	0.00188204	0.0123631	1	-nan
ENSG00000094916	ENSG00000175155	0.0340282	0.116469	1	-nan
ENSG00000094916	ENSG00000117676	0.00102794	0.0725933	1	-nan
ENSG00000094916	ENSG00000162408	0.00648382	0.0384992	1	-nan
ENSG00000174485	ENSG00000102871	0.00102794	-0.0168669	1	-nan
ENSG00000161547	ENSG00000196459	0.00060101	0.0424025	1	-nan
ENSG00000081189	ENSG00000171606	0.0317299	0.0553169	1	-nan
ENSG00000081189	ENSG00000105372	0.10548	-0.120257	2	-nan
ENSG00000081189	ENSG00000105640	0.142083	-0.0810467	3	-nan
ENSG00000081189	ENSG00000130165	0.0208286	-0.0127225	1	-nan
ENSG00000081189	ENSG00000104921	0.108029	0.319316	4	-nan
ENSG00000081189	ENSG00000141682	0.0319943	-0.0706516	1	-nan
ENSG00000081189	ENSG00000240505	0.0875014	-0.25653	1	-nan
ENSG00000081189	ENSG00000106537	0.0729794	0.219278	1	-nan
ENSG00000081189	ENSG00000179344	0.0826001	0.0591981	1	-nan
ENSG00000081189	ENSG00000204287	0.113848	-0.00718532	6	-nan
ENSG00000081189	ENSG00000145912	0.00222391	0.0307511	1	-nan
ENSG00000081189	ENSG00000132842	0.0194832	0.0229582	1	-nan
ENSG00000081189	ENSG00000109475	0.0855843	-0.1685	2	-nan
ENSG00000081189	ENSG00000177954	0.0659622	-0.156247	1	-nan
ENSG00000081189	ENSG00000066027	0.00554092	0.00255385	1	-nan
ENSG00000081189	ENSG00000119820	0.0139269	0.00335547	1	-nan
ENSG00000081189	ENSG00000034510	0.0801868	-0.0274609	1	-nan
ENSG00000081189	ENSG00000147403	0.0758105	-0.163535	1	-nan
ENSG00000081189	ENSG00000147457	0.0105535	-0.0354258	1	-nan
ENSG00000081189	ENSG00000175482	0.0123828	0.00732669	1	-nan
ENSG00000081189	ENSG00000168209	0.0375132	-0.161451	1	-nan
ENSG00000081189	ENSG00000110848	0.0588449	0.141526	1	-nan
ENSG00000081189	ENSG00000100721	0.0931341	0.363333	5	-nan
ENSG00000081189	ENSG00000103187	0.116998	-0.241823	2	-nan
ENSG00000121766	ENSG00000102172	0.000174202	0.0533948	1	-nan
ENSG00000121766	ENSG00000170776	8.88915e-05	0.0159958	1	-nan
ENSG00000166888	ENSG00000104960	0.000174202	0.0183079	1	-nan
ENSG00000166888	ENSG00000121966	0.00222391	-0.0603349	1	-nan
ENSG00000166888	ENSG00000147604	0.0207227	-0.0353955	1	-nan
ENSG00000125482	ENSG00000172336	0.00342076	0.0608815	1	-nan
ENSG00000125482	ENSG00000153015	0.0121694	0.099022	1	-nan
ENSG00000101040	ENSG00000112245	0.000430284	-0.00589704	1	-nan
ENSG00000110315	ENSG00000186468	0.0124285	-0.123231	2	-nan
ENSG00000164985	ENSG00000105372	0.0223345	-0.156352	1	-nan
ENSG00000164985	ENSG00000105640	0.0141791	-0.171397	1	-nan
ENSG00000164985	ENSG00000137154	0.0107944	-0.163178	1	-nan
ENSG00000164985	ENSG00000229117	0.0891906	-0.162449	1	-nan
ENSG00000164985	ENSG00000122026	0.0599443	-0.178192	1	-nan
ENSG00000164985	ENSG00000167526	0.058872	-0.160682	1	-nan
ENSG00000075292	ENSG00000177954	0.0957385	-0.155273	1	-nan
ENSG00000075292	ENSG00000114784	0.000288058	0.00310265	1	-nan
ENSG00000075292	ENSG00000106028	0.000174202	0.0670005	1	-nan
ENSG00000075292	ENSG00000133639	0.0141791	-0.184135	1	-nan
ENSG00000075292	ENSG00000167972	3.20002e-05	0.00995718	1	-nan
ENSG00000177606	ENSG00000100354	0.0436885	-0.126491	1	-nan
ENSG00000070444	ENSG00000085377	0.00299321	-0.0880219	1	-nan
ENSG00000023041	ENSG00000120158	0.00156882	0.0636237	1	-nan
ENSG00000150907	ENSG00000019582	0.103133	-0.19281	1	-nan
ENSG00000065029	ENSG00000115207	3.58536e-06	0.0473151	2	-nan
ENSG00000065029	ENSG00000172465	3.20002e-05	0.00478589	1	-nan
ENSG00000169249	ENSG00000118620	0.0100211	0.139977	1	-nan
ENSG00000169249	ENSG00000054654	0.00487548	0.0995997	1	-nan
ENSG00000169249	ENSG00000122257	0.00387704	0.0769279	1	-nan
ENSG00000143013	ENSG00000100393	0.0146635	0.186946	1	-nan
ENSG00000143013	ENSG00000105372	0.0595985	-0.200726	1	-nan
ENSG00000143013	ENSG00000114439	0.000430284	0.0353254	1	-nan
ENSG00000143013	ENSG00000114784	0.0492693	-0.0497302	1	-nan
ENSG00000143013	ENSG00000169413	0.000288058	0.0145541	1	-nan
ENSG00000157259	ENSG00000108771	0.000174202	-0.0425186	1	-nan
ENSG00000153147	ENSG00000114439	0.0392671	0.0369066	1	-nan
ENSG00000153147	ENSG00000198168	0.0075601	0.0316506	1	-nan
ENSG00000130338	ENSG00000189306	0.00102794	0.02618	1	-nan
ENSG00000130338	ENSG00000175155	8.88915e-05	0.04128	1	-nan
ENSG00000130338	ENSG00000112576	0.000430284	0.0447335	1	-nan
ENSG00000130338	ENSG00000170035	3.20002e-05	0.00417979	1	-nan
ENSG00000130338	ENSG00000109920	0.00222391	0.0562465	1	-nan
ENSG00000196092	ENSG00000105369	0.0226994	-0.00930461	1	-nan
ENSG00000196092	ENSG00000105372	0.0418549	-0.241944	1	-nan
ENSG00000196092	ENSG00000204287	0.0284341	-0.189157	2	-nan
ENSG00000196092	ENSG00000120129	0.0816678	0.0885738	1	-nan
ENSG00000196092	ENSG00000178913	0.100697	0.0449294	1	-nan
ENSG00000196092	ENSG00000175582	0.000174202	0.0212558	1	-nan
ENSG00000196092	ENSG00000103187	0.0782797	-0.194031	1	-nan
ENSG00000168610	ENSG00000125740	0.00259425	0.0181946	1	-nan
ENSG00000168610	ENSG00000019582	0.0909976	-0.139257	1	-nan
ENSG00000168610	ENSG00000102910	0.0100211	0.115952	1	-nan
ENSG00000164330	ENSG00000204619	0.0754499	0.0426495	1	-nan
ENSG00000164330	ENSG00000113328	0.00128411	-0.0419122	1	-nan
ENSG00000164330	ENSG00000102172	0.00487548	0.0798914	1	-nan
ENSG00000116044	ENSG00000048140	0.000174202	0.0586124	1	-nan
ENSG00000116044	ENSG00000184990	0.00188204	0.0646862	1	-nan
ENSG00000153814	ENSG00000161016	0.0218127	-0.078938	1	-nan
ENSG00000120948	ENSG00000159348	8.88915e-05	0.0459853	1	-nan
ENSG00000120948	ENSG00000115816	0.052344	0.0259295	1	-nan
ENSG00000120948	ENSG00000134574	3.58536e-06	0.0434524	1	-nan
ENSG00000005339	ENSG00000137818	0.0147752	-0.170925	1	-nan
ENSG00000171606	ENSG00000112306	0.0695463	-0.046491	1	-nan
ENSG00000171606	ENSG00000188994	0.000174202	-0.00651235	2	-nan
ENSG00000171606	ENSG00000172869	0.0438376	0.0370299	1	-nan
ENSG00000171606	ENSG00000081189	0.0317299	0.0553169	1	-nan
ENSG00000171606	ENSG00000163534	0.0328955	0.0562665	2	-nan
ENSG00000171606	ENSG00000115165	0.00156882	0.0343598	1	-nan
ENSG00000171606	ENSG00000079246	0.00927676	0.0961285	1	-nan
ENSG00000171606	ENSG00000144674	0.130625	0.092032	1	-nan
ENSG00000171606	ENSG00000085662	0.103176	-0.0118967	1	-nan
ENSG00000171606	ENSG00000130066	0.0399744	0.000746085	1	-nan
ENSG00000171606	ENSG00000125676	0.0975318	0.0937761	1	-nan
ENSG00000171606	ENSG00000110711	0.075366	0.0743012	1	-nan
ENSG00000171606	ENSG00000122026	0.127212	-0.044016	1	-nan
ENSG00000171606	ENSG00000102978	0.0578241	0.129847	1	-nan
ENSG00000171606	ENSG00000167526	0.104084	-0.0537459	1	-nan
ENSG00000166135	ENSG00000165355	0.00102794	0.0168038	1	-nan
ENSG00000114315	ENSG00000153879	0.00102794	-0.058675	1	-nan
ENSG00000114315	ENSG00000178950	0.000800181	0.038743	1	-nan
ENSG00000114315	ENSG00000163516	0.0107848	0.0541101	1	-nan
ENSG00000114315	ENSG00000167699	0.000430284	0.0476023	1	-nan
ENSG00000172466	ENSG00000135624	0.00060101	0.0553787	1	-nan
ENSG00000172466	ENSG00000059378	3.58536e-06	0.0156583	1	-nan
ENSG00000255150	ENSG00000178685	8.88915e-05	0.0479867	1	-nan
ENSG00000108773	ENSG00000152642	0.00188204	-0.0350292	1	-nan
ENSG00000185122	ENSG00000104960	0.00342076	0.116528	1	-nan
ENSG00000185122	ENSG00000105323	8.88915e-05	-0.0024451	1	-nan
ENSG00000185122	ENSG00000011600	0.0604198	0.0897559	1	-nan
ENSG00000185122	ENSG00000055208	0.000800181	0.0473972	1	-nan
ENSG00000185122	ENSG00000231500	0.017316	0.0408057	1	-nan
ENSG00000185122	ENSG00000177954	0.0513747	0.0573981	2	-nan
ENSG00000185122	ENSG00000157916	0.00299321	0.0331618	1	-nan
ENSG00000185122	ENSG00000138433	0.00787491	0.0920009	2	-nan
ENSG00000185122	ENSG00000144713	0.0629166	0.0318678	2	-nan
ENSG00000185122	ENSG00000198898	0.0653704	-0.031348	1	-nan
ENSG00000185122	ENSG00000102317	0.0896735	-0.122607	2	-nan
ENSG00000185122	ENSG00000178105	0.000430284	0.049614	1	-nan
ENSG00000185122	ENSG00000122026	0.0755757	0.0396103	1	-nan
ENSG00000102878	ENSG00000184304	0.00102794	0.0163788	1	-nan
ENSG00000140968	ENSG00000135535	0.000174202	0.0276685	1	-nan
ENSG00000140968	ENSG00000112576	3.20002e-05	0.0373353	1	-nan
ENSG00000140968	ENSG00000109390	0.00102794	0.0659121	1	-nan
ENSG00000140968	ENSG00000132406	0.000430284	0.00760385	1	-nan
ENSG00000140968	ENSG00000147604	0.0748473	-0.0530029	1	-nan
ENSG00000140968	ENSG00000140379	0.000800181	0.0948132	1	-nan
ENSG00000197223	ENSG00000143891	0.000288058	0.0645698	1	-nan
ENSG00000197223	ENSG00000130787	0.00259425	0.12448	1	-nan
ENSG00000160783	ENSG00000109436	0.000174202	-0.046386	1	-nan
ENSG00000139168	ENSG00000169738	0.00128411	0.0217711	1	-nan
ENSG00000139168	ENSG00000092820	0.0254532	-0.0445614	1	-nan
ENSG00000139168	ENSG00000135905	0.000288058	0.0128563	1	-nan
ENSG00000139168	ENSG00000182718	0.00156882	0.038311	1	-nan
ENSG00000137815	ENSG00000100281	8.88915e-05	-0.00536268	1	-nan
ENSG00000137815	ENSG00000019582	0.158632	-0.0812004	2	-nan
ENSG00000137815	ENSG00000122026	0.163714	-0.0720088	2	-nan
ENSG00000137815	ENSG00000167526	0.163042	-0.0720075	1	-nan
ENSG00000188994	ENSG00000171606	0.000174202	-0.00651235	2	-nan
ENSG00000188994	ENSG00000142541	0.0894094	-0.216341	1	-nan
ENSG00000188994	ENSG00000137210	0.00436193	-0.0573259	1	-nan
ENSG00000188994	ENSG00000177954	0.0290094	-0.222388	2	-nan
ENSG00000188994	ENSG00000144713	0.0980764	-0.216732	2	-nan
ENSG00000188994	ENSG00000198918	0.0977127	-0.204939	3	-nan
ENSG00000188994	ENSG00000147403	0.0675044	-0.211642	2	-nan
ENSG00000188994	ENSG00000104325	0.00598882	0.0958348	1	-nan
ENSG00000188994	ENSG00000156482	0.036722	-0.211286	1	-nan
ENSG00000188994	ENSG00000177600	0.0338376	-0.230219	2	-nan
ENSG00000188994	ENSG00000175482	3.20002e-05	-0.0319831	1	-nan
ENSG00000188994	ENSG00000213145	0.0182011	-0.106172	1	-nan
ENSG00000104903	ENSG00000145425	0.134306	-0.153266	1	-nan
ENSG00000104903	ENSG00000143727	0.130898	0.104698	1	-nan
ENSG00000118260	ENSG00000178950	0.00188204	0.0499045	1	-nan
ENSG00000118260	ENSG00000022840	0.00259425	-0.0540021	1	-nan
ENSG00000172465	ENSG00000065029	3.20002e-05	0.00478589	1	-nan
ENSG00000172465	ENSG00000157869	0.000288058	0.0054735	1	-nan
ENSG00000172465	ENSG00000100814	0.00436193	0.0561395	1	-nan
ENSG00000198919	ENSG00000104897	0.00787491	0.0799893	1	-nan
ENSG00000198919	ENSG00000174720	0.00102794	0.0306676	1	-nan
ENSG00000198919	ENSG00000178252	0.000174202	0.0138075	1	-nan
ENSG00000198919	ENSG00000074266	0.00128411	-0.0643689	1	-nan
ENSG00000198919	ENSG00000122873	0.000800181	0.0671585	1	-nan
ENSG00000198919	ENSG00000072736	3.58536e-06	0.00161026	1	-nan
ENSG00000005801	ENSG00000177917	0.00222391	0.0652365	1	-nan
ENSG00000005801	ENSG00000213977	3.58536e-06	0.020445	1	-nan
ENSG00000078699	ENSG00000132819	0.000288058	-0.0510703	1	-nan
ENSG00000025293	ENSG00000168297	0.0438774	0.0517871	1	-nan
ENSG00000025293	ENSG00000116906	0.000174202	0.0657848	1	-nan
ENSG00000025293	ENSG00000131374	0.00487548	0.107291	1	-nan
ENSG00000025293	ENSG00000198918	0.146823	-0.11521	1	-nan
ENSG00000025293	ENSG00000175482	0.00299321	0.0941126	1	-nan
ENSG00000025293	ENSG00000162086	0.00060101	-0.0637852	1	-nan
ENSG00000056097	ENSG00000062725	0.00156882	0.0562372	1	-nan
ENSG00000056097	ENSG00000174721	0.000174202	0.0830775	1	-nan
ENSG00000120963	ENSG00000142541	0.0589909	0.00135312	2	-nan
ENSG00000120963	ENSG00000255112	0.154682	-0.245347	1	-nan
ENSG00000120963	ENSG00000017797	0.0477977	0.128998	1	-nan
ENSG00000120963	ENSG00000153922	0.00156882	-0.0787271	1	-nan
ENSG00000120963	ENSG00000145425	0.0606773	-0.0147494	2	-nan
ENSG00000120963	ENSG00000177954	0.144964	-0.0090605	2	-nan
ENSG00000120963	ENSG00000143401	0.0710806	-0.0342466	1	-nan
ENSG00000120963	ENSG00000144713	0.101661	-0.0236818	1	-nan
ENSG00000120963	ENSG00000147403	0.0920686	-0.00280464	1	-nan
ENSG00000120963	ENSG00000177600	0.044561	-0.0475221	1	-nan
ENSG00000120963	ENSG00000167526	0.152549	-0.0214676	1	-nan
ENSG00000066336	ENSG00000071994	0.0346175	0.0447904	1	-nan
ENSG00000066336	ENSG00000099204	0.000288058	0.0096322	1	-nan
ENSG00000072364	ENSG00000160310	0.0637808	0.0507799	1	-nan
ENSG00000072364	ENSG00000142541	0.142639	-0.0773908	2	-nan
ENSG00000072364	ENSG00000105372	0.11431	-0.0842633	1	-nan
ENSG00000072364	ENSG00000241106	0.0403306	0.112745	1	-nan
ENSG00000072364	ENSG00000019582	0.106571	-0.0818543	1	-nan
ENSG00000072364	ENSG00000120727	0.0891574	-0.00490686	1	-nan
ENSG00000072364	ENSG00000177954	0.186392	-0.0643248	2	-nan
ENSG00000072364	ENSG00000117410	0.000430284	0.0302864	1	-nan
ENSG00000072364	ENSG00000170035	0.000288058	0.00209856	1	-nan
ENSG00000072364	ENSG00000144713	0.122501	-0.0639117	1	-nan
ENSG00000072364	ENSG00000084112	0.00929179	0.0360301	1	-nan
ENSG00000072364	ENSG00000129515	0.00156882	0.0103363	1	-nan
ENSG00000072364	ENSG00000167526	0.11692	-0.0683416	1	-nan
ENSG00000144218	ENSG00000105640	0.130131	-0.103687	1	-nan
ENSG00000080839	ENSG00000143624	0.00957813	0.0802575	1	-nan
ENSG00000083828	ENSG00000177000	0.00222391	0.11043	1	-nan
ENSG00000124201	ENSG00000006634	3.58536e-06	0.0159075	1	-nan
ENSG00000124201	ENSG00000109475	0.00128411	-0.0632115	1	-nan
ENSG00000124201	ENSG00000144747	0.00598882	0.0751992	1	-nan
ENSG00000124201	ENSG00000265972	0.00598882	-0.124658	2	-nan
ENSG00000124201	ENSG00000240857	0.000430284	-0.0456976	1	-nan
ENSG00000124201	ENSG00000175602	0.0378905	0.0778426	1	-nan
ENSG00000124201	ENSG00000051108	3.58536e-06	0.00947852	1	-nan
ENSG00000087903	ENSG00000198561	0.000800181	0.033282	1	-nan
ENSG00000112200	ENSG00000116752	0.00060101	0.0720731	1	-nan
ENSG00000112200	ENSG00000148690	0.00102794	0.0679765	1	-nan
ENSG00000166529	ENSG00000138385	3.20002e-05	-0.0447979	1	-nan
ENSG00000162419	ENSG00000142634	0.00060101	-0.0448052	1	-nan
ENSG00000269404	ENSG00000157500	0.0376311	-0.0136485	1	-nan
ENSG00000269404	ENSG00000133789	0.0145451	0.129763	1	-nan
ENSG00000071794	ENSG00000103199	3.58536e-06	-0.00198948	1	-nan
ENSG00000100219	ENSG00000079263	8.88915e-05	-0.00661586	1	-nan
ENSG00000067082	ENSG00000112245	0.053533	0.177567	1	-nan
ENSG00000067082	ENSG00000231389	0.078438	0.131065	1	-nan
ENSG00000067082	ENSG00000019582	0.158292	-0.0718083	2	-nan
ENSG00000067082	ENSG00000177954	0.240419	-0.156541	1	-nan
ENSG00000067082	ENSG00000134255	0.0263574	-0.0654527	1	-nan
ENSG00000067082	ENSG00000037637	0.00387704	0.0955792	1	-nan
ENSG00000067082	ENSG00000157514	0.255673	0.455738	1	-nan
ENSG00000067082	ENSG00000119335	0.0954576	0.0306051	1	-nan
ENSG00000114439	ENSG00000164543	0.00128411	0.018709	1	-nan
ENSG00000114439	ENSG00000153147	0.0392671	0.0369066	1	-nan
ENSG00000114439	ENSG00000081154	3.58536e-06	-0.0497564	1	-nan
ENSG00000114439	ENSG00000143013	0.000430284	0.0353254	1	-nan
ENSG00000114439	ENSG00000162385	0.038994	0.0126692	1	-nan
ENSG00000114439	ENSG00000111144	0.00156882	0.0554011	1	-nan
ENSG00000114439	ENSG00000213614	0.0601761	-0.0256367	1	-nan
ENSG00000124782	ENSG00000172932	0.0245112	0.0972492	1	-nan
ENSG00000124782	ENSG00000069345	3.58536e-06	0.0202682	1	-nan
ENSG00000142186	ENSG00000173545	8.88915e-05	0.0409144	1	-nan
ENSG00000127528	ENSG00000142541	0.315436	-0.580637	1	-nan
ENSG00000127528	ENSG00000105369	0.0287842	0.0809121	1	-nan
ENSG00000127528	ENSG00000105372	0.257755	-0.552379	1	-nan
ENSG00000127528	ENSG00000105640	0.262648	-0.557191	1	-nan
ENSG00000127528	ENSG00000026297	0.000288058	0.00463971	1	-nan
ENSG00000127528	ENSG00000223865	0.0835525	-0.224202	1	-nan
ENSG00000127528	ENSG00000231389	0.0463454	0.0633067	2	-nan
ENSG00000127528	ENSG00000204287	0.139698	-0.311788	1	-nan
ENSG00000127528	ENSG00000019582	0.214706	-0.408132	2	-nan
ENSG00000127528	ENSG00000116741	0.0297971	0.173501	1	-nan
ENSG00000127528	ENSG00000177954	0.347967	-0.586937	1	-nan
ENSG00000127528	ENSG00000115484	0.00487548	0.0856928	1	-nan
ENSG00000127528	ENSG00000144224	3.58536e-06	-0.0424273	1	-nan
ENSG00000127528	ENSG00000010404	0.0160164	0.21084	1	-nan
ENSG00000127528	ENSG00000171202	0.000174202	-0.0304347	1	-nan
ENSG00000127528	ENSG00000160613	0.00487548	0.1313	1	-nan
ENSG00000127528	ENSG00000229117	0.355409	-0.584284	2	-nan
ENSG00000213928	ENSG00000167526	0.00060101	0.0263846	1	-nan
ENSG00000148334	ENSG00000196235	0.00102794	0.0600362	1	-nan
ENSG00000148334	ENSG00000144659	0.00259425	0.0732066	1	-nan
ENSG00000167258	ENSG00000137509	0.0591237	0.0430409	1	-nan
ENSG00000136100	ENSG00000104894	0.000174202	-0.0804892	1	-nan
ENSG00000136100	ENSG00000105372	0.0871808	-0.155039	2	-nan
ENSG00000136100	ENSG00000105640	0.103723	-0.16223	1	-nan
ENSG00000136100	ENSG00000019582	0.0214468	-0.217787	1	-nan
ENSG00000136100	ENSG00000186468	0.0132892	-0.184325	1	-nan
ENSG00000136100	ENSG00000177954	0.123123	-0.181538	2	-nan
ENSG00000136100	ENSG00000143947	0.114415	-0.172697	1	-nan
ENSG00000136100	ENSG00000161016	0.0115969	-0.218633	1	-nan
ENSG00000136100	ENSG00000167526	0.10618	-0.179225	1	-nan
ENSG00000061273	ENSG00000107937	0.00598882	0.123911	1	-nan
ENSG00000143458	ENSG00000186468	0.0346096	-0.17283	1	-nan
ENSG00000196275	ENSG00000111215	0.00128411	-0.00992086	1	-nan
ENSG00000028277	ENSG00000082996	0.00222391	0.0452511	1	-nan
ENSG00000028277	ENSG00000129518	0.0253511	-0.0574039	1	-nan
ENSG00000149308	ENSG00000132406	3.20002e-05	-0.0143305	1	-nan
ENSG00000162521	ENSG00000105640	0.0720541	-0.00838002	3	-nan
ENSG00000162521	ENSG00000127914	0.00188204	0.034192	1	-nan
ENSG00000162521	ENSG00000164691	0.106945	0.0700426	1	-nan
ENSG00000162521	ENSG00000240857	8.88915e-05	0.0524327	1	-nan
ENSG00000162521	ENSG00000115816	0.00060101	0.0352375	1	-nan
ENSG00000162521	ENSG00000170035	0.00893798	0.0690991	1	-nan
ENSG00000162521	ENSG00000173198	0.000288058	0.0091687	1	-nan
ENSG00000162521	ENSG00000023318	0.000288058	0.049557	1	-nan
ENSG00000162521	ENSG00000111144	0.0574851	0.10037	1	-nan
ENSG00000162521	ENSG00000134884	0.0238553	0.0572332	1	-nan
ENSG00000162521	ENSG00000173575	0.00259425	0.0710621	3	-nan
ENSG00000162521	ENSG00000129197	0.0175687	-0.0106813	1	-nan
ENSG00000163848	ENSG00000083896	0.00299321	0.0558758	1	-nan
ENSG00000163848	ENSG00000157514	0.00188204	-0.0245156	1	-nan
ENSG00000166432	ENSG00000173889	0.0147203	0.0629777	1	-nan
ENSG00000166432	ENSG00000072858	3.20002e-05	0.0132026	1	-nan
ENSG00000162924	ENSG00000240230	0.0635211	-0.0190855	1	-nan
ENSG00000162924	ENSG00000204287	0.136021	-0.278995	2	-nan
ENSG00000162924	ENSG00000019582	0.196514	-0.359018	2	-nan
ENSG00000162924	ENSG00000145425	0.212608	-0.346776	1	-nan
ENSG00000162924	ENSG00000143183	0.0548209	0.116114	1	-nan
ENSG00000162924	ENSG00000107099	0.0674368	0.0994103	2	-nan
ENSG00000162924	ENSG00000137154	0.143115	-0.37096	1	-nan
ENSG00000162924	ENSG00000111361	0.0566251	0.0118017	1	-nan
ENSG00000163516	ENSG00000241258	0.000288058	0.0469793	1	-nan
ENSG00000163516	ENSG00000114315	0.0107848	0.0541101	1	-nan
ENSG00000163516	ENSG00000139433	0.000174202	0.0413122	1	-nan
ENSG00000082258	ENSG00000006634	0.0054735	0.0365745	1	-nan
ENSG00000139651	ENSG00000239382	8.88915e-05	0.0368997	1	-nan
ENSG00000176953	ENSG00000144713	0.0201213	-0.189742	1	-nan
ENSG00000176953	ENSG00000111371	0.00436193	0.127936	1	-nan
ENSG00000167635	ENSG00000153391	0.00188204	0.0833986	1	-nan
ENSG00000169554	ENSG00000138246	8.88915e-05	-0.0107319	1	-nan
ENSG00000169554	ENSG00000265972	0.0187442	-0.040801	1	-nan
ENSG00000169554	ENSG00000197555	0.0548755	0.146665	1	-nan
ENSG00000169554	ENSG00000100811	0.0449471	0.113493	1	-nan
ENSG00000117318	ENSG00000100365	0.000800181	0.0858222	1	-nan
ENSG00000117318	ENSG00000285437	0.0370212	-0.152258	1	-nan
ENSG00000117318	ENSG00000110031	0.00342076	0.0284756	1	-nan
ENSG00000172667	ENSG00000273173	0.00259425	0.0665625	1	-nan
ENSG00000104064	ENSG00000167526	0.183134	0.393271	1	-nan
ENSG00000198791	ENSG00000214078	8.88915e-05	-0.0176162	1	-nan
ENSG00000198791	ENSG00000112679	0.00222391	-0.0164649	1	-nan
ENSG00000198791	ENSG00000119048	0.0381762	-8.41246e-05	1	-nan
ENSG00000198791	ENSG00000169895	0.00259425	0.101536	1	-nan
ENSG00000198791	ENSG00000015285	8.88915e-05	0.0116065	1	-nan
ENSG00000198791	ENSG00000213145	0.0328039	-0.0891371	1	-nan
ENSG00000175197	ENSG00000184205	3.20002e-05	0.0304372	1	-nan
ENSG00000175197	ENSG00000012983	3.58536e-06	-0.00335211	1	-nan
ENSG00000141002	ENSG00000143384	0.000174202	0.0301862	1	-nan
ENSG00000141002	ENSG00000110987	0.104266	0.048317	1	-nan
ENSG00000141002	ENSG00000100721	0.00259425	0.0984669	1	-nan
ENSG00000181722	ENSG00000164073	0.011852	0.119232	1	-nan
ENSG00000180035	ENSG00000173349	0.000430284	0.0361692	1	-nan
ENSG00000163660	ENSG00000100412	3.20002e-05	-0.0150826	1	-nan
ENSG00000163660	ENSG00000105372	0.17246	-0.232896	1	-nan
ENSG00000163660	ENSG00000231500	0.0778665	-0.230547	1	-nan
ENSG00000163660	ENSG00000019582	0.0777054	-0.245694	2	-nan
ENSG00000163660	ENSG00000134056	0.00102794	0.0890787	1	-nan
ENSG00000163660	ENSG00000068796	3.20002e-05	0.0438493	1	-nan
ENSG00000163660	ENSG00000145425	0.0708974	-0.230431	1	-nan
ENSG00000163660	ENSG00000177954	0.234213	-0.238231	5	-nan
ENSG00000163660	ENSG00000117450	0.0309461	0.00442621	1	-nan
ENSG00000163660	ENSG00000121966	0.0289194	0.00906371	1	-nan
ENSG00000163660	ENSG00000144713	0.142653	-0.224328	1	-nan
ENSG00000163660	ENSG00000107099	0.0785571	0.0693386	1	-nan
ENSG00000163660	ENSG00000177600	0.0848923	-0.20674	7	-nan
ENSG00000163660	ENSG00000229117	0.194871	-0.250321	1	-nan
ENSG00000163660	ENSG00000122026	0.142084	-0.223653	1	-nan
ENSG00000163660	ENSG00000008517	3.58536e-06	0.022456	1	-nan
ENSG00000185811	ENSG00000104921	0.000174202	0.0341048	1	-nan
ENSG00000185811	ENSG00000100823	0.00188204	0.0788168	1	-nan
ENSG00000152518	ENSG00000108651	0.0283437	-0.107334	1	-nan
ENSG00000152518	ENSG00000182179	0.00436193	0.110333	1	-nan
ENSG00000152518	ENSG00000067334	0.032227	0.0669362	1	-nan
ENSG00000152518	ENSG00000116001	0.000800181	-0.00533299	1	-nan
ENSG00000152518	ENSG00000173575	0.0210714	-0.06752	1	-nan
ENSG00000257923	ENSG00000146083	0.0379036	0.0741151	1	-nan
ENSG00000257923	ENSG00000151883	0.0245172	0.0619809	1	-nan
ENSG00000198105	ENSG00000140577	8.88915e-05	-0.00547657	1	-nan
ENSG00000079263	ENSG00000100219	8.88915e-05	-0.00661586	1	-nan
ENSG00000079263	ENSG00000278540	0.000288058	0.0418137	1	-nan
ENSG00000079263	ENSG00000146223	8.88915e-05	-0.010999	1	-nan
ENSG00000079263	ENSG00000167526	0.155437	-0.196234	1	-nan
ENSG00000071564	ENSG00000142541	0.122792	-0.330122	1	-nan
ENSG00000071564	ENSG00000177600	0.116508	-0.333291	1	-nan
ENSG00000071564	ENSG00000128989	0.00487548	0.124102	1	-nan
ENSG00000072736	ENSG00000145740	0.00259425	0.0729462	1	-nan
ENSG00000072736	ENSG00000198919	3.58536e-06	0.00161026	1	-nan
ENSG00000077150	ENSG00000132842	0.00188204	0.0781293	1	-nan
ENSG00000077150	ENSG00000121486	8.88915e-05	0.0166261	1	-nan
ENSG00000122482	ENSG00000184203	0.000430284	0.0757676	1	-nan
ENSG00000122482	ENSG00000177954	0.0647299	-0.0477607	1	-nan
ENSG00000118579	ENSG00000124767	0.0739318	0.111186	1	-nan
ENSG00000118579	ENSG00000087206	0.000174202	-0.000874114	1	-nan
ENSG00000118579	ENSG00000119048	8.88915e-05	0.00910419	1	-nan
ENSG00000118579	ENSG00000167526	0.115303	-0.05055	1	-nan
ENSG00000143418	ENSG00000104960	0.00156882	0.0210156	1	-nan
ENSG00000143418	ENSG00000155096	8.88915e-05	0.000810881	1	-nan
ENSG00000143418	ENSG00000229117	0.00818105	-0.0911548	1	-nan
ENSG00000100201	ENSG00000204287	0.0576474	-0.230479	1	-nan
ENSG00000100201	ENSG00000144713	0.131752	-0.251437	1	-nan
ENSG00000100201	ENSG00000135655	0.000174202	-0.00844299	1	-nan
ENSG00000108788	ENSG00000156482	0.0306089	-0.185802	1	-nan
ENSG00000115816	ENSG00000101444	0.00884807	0.0980015	1	-nan
ENSG00000115816	ENSG00000120948	0.052344	0.0259295	1	-nan
ENSG00000115816	ENSG00000162521	0.00060101	0.0352375	1	-nan
ENSG00000115816	ENSG00000139684	0.000800181	0.0335646	1	-nan
ENSG00000115816	ENSG00000133997	0.0400506	0.0757125	1	-nan
ENSG00000120738	ENSG00000166181	0.000430284	0.0332855	1	-nan
ENSG00000137574	ENSG00000010270	0.000174202	0.0211532	1	-nan
ENSG00000137574	ENSG00000177600	0.0088296	-0.0732007	1	-nan
ENSG00000137574	ENSG00000135655	8.88915e-05	-0.00837151	1	-nan
ENSG00000156639	ENSG00000163781	0.000288058	0.0756189	1	-nan
ENSG00000132485	ENSG00000109046	0.0719712	0.102106	1	-nan
ENSG00000132485	ENSG00000119801	0.0968807	0.016594	1	-nan
ENSG00000132485	ENSG00000114784	0.00729518	0.0363229	1	-nan
ENSG00000132485	ENSG00000183283	0.0126632	-0.0636951	1	-nan
ENSG00000132485	ENSG00000135655	0.000430284	-0.00496494	1	-nan
ENSG00000132485	ENSG00000167526	0.213962	-0.209209	3	-nan
ENSG00000100603	ENSG00000169592	0.000174202	0.0199944	1	-nan
ENSG00000100644	ENSG00000142541	0.00102794	0.00492745	1	-nan
ENSG00000100644	ENSG00000105372	0.0297912	-0.0115691	1	-nan
ENSG00000100644	ENSG00000105640	0.0681897	-0.0190716	1	-nan
ENSG00000100644	ENSG00000240230	0.0600406	-0.00239168	1	-nan
ENSG00000100644	ENSG00000231389	3.20002e-05	-0.00218916	1	-nan
ENSG00000100644	ENSG00000204287	0.0545799	-0.00703323	1	-nan
ENSG00000100644	ENSG00000177954	0.043864	-0.0117346	1	-nan
ENSG00000100644	ENSG00000138433	0.00188204	0.0557816	1	-nan
ENSG00000100644	ENSG00000177600	0.0124726	0.00600505	1	-nan
ENSG00000100644	ENSG00000122026	0.0459926	-8.24464e-05	2	-nan
ENSG00000178913	ENSG00000104897	0.0414855	-0.0386184	1	-nan
ENSG00000178913	ENSG00000240505	0.0396335	-0.0503314	1	-nan
ENSG00000178913	ENSG00000240857	0.0422797	0.0287757	1	-nan
ENSG00000178913	ENSG00000113851	0.124995	-0.0134049	1	-nan
ENSG00000178913	ENSG00000196092	0.100697	0.0449294	1	-nan
ENSG00000178913	ENSG00000165632	0.0207174	0.049553	1	-nan
ENSG00000178913	ENSG00000099204	0.00858803	-0.0307945	1	-nan
ENSG00000139687	ENSG00000128218	0.0663908	0.0910846	1	-nan
ENSG00000139687	ENSG00000142541	0.192843	0.223326	3	-nan
ENSG00000139687	ENSG00000125740	0.0446222	-0.186067	6	-nan
ENSG00000139687	ENSG00000105372	0.129699	0.184558	1	-nan
ENSG00000139687	ENSG00000285437	0.0808542	0.107919	1	-nan
ENSG00000139687	ENSG00000112576	0.000430284	-0.0453645	2	-nan
ENSG00000139687	ENSG00000124767	0.0251744	0.0213972	1	-nan
ENSG00000139687	ENSG00000231500	0.119195	0.206784	1	-nan
ENSG00000139687	ENSG00000019582	0.151861	0.16177	2	-nan
ENSG00000139687	ENSG00000145414	0.000800181	0.0515149	1	-nan
ENSG00000139687	ENSG00000145425	0.115883	0.186802	5	-nan
ENSG00000139687	ENSG00000164167	0.154609	0.0370244	1	-nan
ENSG00000139687	ENSG00000198189	0.194262	0.0746452	5	-nan
ENSG00000139687	ENSG00000136527	0.0883394	-0.0604795	1	-nan
ENSG00000139687	ENSG00000177954	0.152281	0.21737	5	-nan
ENSG00000139687	ENSG00000144713	0.125866	0.193674	2	-nan
ENSG00000139687	ENSG00000156482	0.121553	0.140041	1	-nan
ENSG00000139687	ENSG00000137154	0.0489379	0.186528	3	-nan
ENSG00000139687	ENSG00000167110	0.000430284	-0.047524	1	-nan
ENSG00000139687	ENSG00000177600	0.0987123	0.211552	1	-nan
ENSG00000139687	ENSG00000110203	0.000430284	-0.0219132	1	-nan
ENSG00000139687	ENSG00000166037	0.00436193	0.0235612	3	-nan
ENSG00000139687	ENSG00000229117	0.165225	0.221884	1	-nan
ENSG00000139687	ENSG00000139726	0.103319	0.0390228	1	-nan
ENSG00000139687	ENSG00000122026	0.109272	0.204011	1	-nan
ENSG00000139687	ENSG00000132963	0.0293014	0.000234084	1	-nan
ENSG00000139687	ENSG00000182718	0.0970708	0.0231976	2	-nan
ENSG00000139687	ENSG00000185043	0.016845	-0.0602087	1	-nan
ENSG00000139687	ENSG00000167526	0.170839	0.210404	3	-nan
ENSG00000122565	ENSG00000105640	0.0644766	-0.0238376	1	-nan
ENSG00000122565	ENSG00000119866	0.00664847	0.0266597	1	-nan
ENSG00000122565	ENSG00000170035	0.00128411	-0.048703	1	-nan
ENSG00000122565	ENSG00000122026	0.121359	-0.0149959	1	-nan
ENSG00000129351	ENSG00000074695	0.000430284	0.0287041	1	-nan
ENSG00000129351	ENSG00000126353	0.00060101	-0.0078328	1	-nan
ENSG00000129351	ENSG00000164691	0.00342076	-0.0312764	1	-nan
ENSG00000129351	ENSG00000204287	0.0557964	-0.106443	1	-nan
ENSG00000129351	ENSG00000019582	0.108605	-0.0860453	1	-nan
ENSG00000129351	ENSG00000177954	0.14905	-0.0734806	2	-nan
ENSG00000129351	ENSG00000083457	0.0915846	0.00193603	1	-nan
ENSG00000158552	ENSG00000198918	0.0742538	-0.125615	1	-nan
ENSG00000102054	ENSG00000142541	0.0623794	-0.00814089	2	-nan
ENSG00000102054	ENSG00000105372	0.0972558	-0.026064	2	-nan
ENSG00000102054	ENSG00000105640	0.108266	-0.0258528	2	-nan
ENSG00000102054	ENSG00000185862	0.0481673	-0.0269512	1	-nan
ENSG00000102054	ENSG00000169223	0.0636001	0.0514914	1	-nan
ENSG00000102054	ENSG00000145425	0.096389	-0.0329218	2	-nan
ENSG00000102054	ENSG00000152332	0.00156882	0.015822	1	-nan
ENSG00000102054	ENSG00000177954	0.139121	-0.0324864	3	-nan
ENSG00000102054	ENSG00000156171	0.0153035	0.0780403	1	-nan
ENSG00000102054	ENSG00000113851	0.0839133	0.0886503	1	-nan
ENSG00000102054	ENSG00000144713	0.0806038	-0.0372879	1	-nan
ENSG00000102054	ENSG00000176101	0.111742	0.00515049	1	-nan
ENSG00000102054	ENSG00000122026	0.0858874	-0.00241677	1	-nan
ENSG00000102054	ENSG00000149923	0.0849332	0.0191706	1	-nan
ENSG00000102054	ENSG00000167526	0.14888	-0.0160873	1	-nan
ENSG00000169131	ENSG00000137193	0.00299321	0.0684589	1	-nan
ENSG00000106261	ENSG00000007312	8.88915e-05	-0.0377577	1	-nan
ENSG00000106261	ENSG00000134574	3.20002e-05	0.0277446	2	-nan
ENSG00000106261	ENSG00000170776	0.0132892	0.164796	1	-nan
